nanoda	Set up job	﻿2026-10-05T08:37:25.5864440Z Current runner version: '2.337.0'
nanoda	Set up job	2026-10-05T08:37:25.5886459Z ##[group]Runner Image Provisioner
nanoda	Set up job	2026-10-05T08:37:25.5887175Z Hosted Compute Agent
nanoda	Set up job	2026-10-05T08:37:25.5887725Z Version: 20260901.588
nanoda	Set up job	2026-10-05T08:37:25.5888245Z Commit: f88ec8081b781fac6c440065ac7ff9e710ce3d0b
nanoda	Set up job	2026-10-05T08:37:25.5889073Z Build Date: 2026-09-01T19:56:44Z
nanoda	Set up job	2026-10-05T08:37:25.5889711Z Worker ID: {ad6e00e0-c91b-445d-be3e-8b7626b1f55a}
nanoda	Set up job	2026-10-05T08:37:25.5890296Z Azure Region: eastus
nanoda	Set up job	2026-10-05T08:37:25.5890851Z ##[endgroup]
nanoda	Set up job	2026-10-05T08:37:25.5892041Z ##[group]Operating System
nanoda	Set up job	2026-10-05T08:37:25.5892590Z Ubuntu
nanoda	Set up job	2026-10-05T08:37:25.5893099Z 24.04.5
nanoda	Set up job	2026-10-05T08:37:25.5893530Z LTS
nanoda	Set up job	2026-10-05T08:37:25.5893988Z ##[endgroup]
nanoda	Set up job	2026-10-05T08:37:25.5894459Z ##[group]Runner Image
nanoda	Set up job	2026-10-05T08:37:25.5894985Z Image: ubuntu-24.04
nanoda	Set up job	2026-10-05T08:37:25.5895490Z Version: 20260927.320.1
nanoda	Set up job	2026-10-05T08:37:25.5896349Z Included Software: https://github.com/actions/runner-images/blob/ubuntu24/20260927.320/images/ubuntu/Ubuntu2404-Readme.md
nanoda	Set up job	2026-10-05T08:37:25.5897892Z Image Release: https://github.com/actions/runner-images/releases/tag/ubuntu24%2F20260927.320
nanoda	Set up job	2026-10-05T08:37:25.5898831Z ##[endgroup]
nanoda	Set up job	2026-10-05T08:37:25.5899779Z ##[group]GITHUB_TOKEN Permissions
nanoda	Set up job	2026-10-05T08:37:25.5901597Z Contents: read
nanoda	Set up job	2026-10-05T08:37:25.5902464Z Metadata: read
nanoda	Set up job	2026-10-05T08:37:25.5902955Z ##[endgroup]
nanoda	Set up job	2026-10-05T08:37:25.5904739Z Secret source: Actions
nanoda	Set up job	2026-10-05T08:37:25.5905532Z Cache mode: write
nanoda	Set up job	2026-10-05T08:37:25.5906258Z Prepare workflow directory
nanoda	Set up job	2026-10-05T08:37:25.6172387Z Prepare all required actions
nanoda	Set up job	2026-10-05T08:37:25.6213775Z Getting action download info
nanoda	Set up job	2026-10-05T08:37:25.8308370Z Download action repository 'actions/checkout@11d5960a326750d5838078e36cf38b85af677262' (SHA:11d5960a326750d5838078e36cf38b85af677262)
nanoda	Set up job	2026-10-05T08:37:25.9460045Z Download action repository 'actions/upload-artifact@ea165f8d65b6e75b540449e92b4886f43607fa02' (SHA:ea165f8d65b6e75b540449e92b4886f43607fa02)
nanoda	Set up job	2026-10-05T08:37:26.1645053Z Complete job name: nanoda
nanoda	Run actions/checkout@11d5960a326750d5838078e36cf38b85af677262	﻿2026-10-05T08:37:26.2258693Z ##[group]Run actions/checkout@11d5960a326750d5838078e36cf38b85af677262
nanoda	Run actions/checkout@11d5960a326750d5838078e36cf38b85af677262	2026-10-05T08:37:26.2259568Z with:
nanoda	Run actions/checkout@11d5960a326750d5838078e36cf38b85af677262	2026-10-05T08:37:26.2260045Z   repository: yuhaolei-ctrl/Sharp-Beckner-Onofri-inequalities-Lean
nanoda	Run actions/checkout@11d5960a326750d5838078e36cf38b85af677262	2026-10-05T08:37:26.2263160Z   token: ***
nanoda	Run actions/checkout@11d5960a326750d5838078e36cf38b85af677262	2026-10-05T08:37:26.2263507Z   ssh-strict: true
nanoda	Run actions/checkout@11d5960a326750d5838078e36cf38b85af677262	2026-10-05T08:37:26.2263863Z   ssh-user: git
nanoda	Run actions/checkout@11d5960a326750d5838078e36cf38b85af677262	2026-10-05T08:37:26.2264217Z   persist-credentials: true
nanoda	Run actions/checkout@11d5960a326750d5838078e36cf38b85af677262	2026-10-05T08:37:26.2264604Z   clean: true
nanoda	Run actions/checkout@11d5960a326750d5838078e36cf38b85af677262	2026-10-05T08:37:26.2264963Z   sparse-checkout-cone-mode: true
nanoda	Run actions/checkout@11d5960a326750d5838078e36cf38b85af677262	2026-10-05T08:37:26.2265370Z   fetch-depth: 1
nanoda	Run actions/checkout@11d5960a326750d5838078e36cf38b85af677262	2026-10-05T08:37:26.2265704Z   fetch-tags: false
nanoda	Run actions/checkout@11d5960a326750d5838078e36cf38b85af677262	2026-10-05T08:37:26.2266054Z   show-progress: true
nanoda	Run actions/checkout@11d5960a326750d5838078e36cf38b85af677262	2026-10-05T08:37:26.2266404Z   lfs: false
nanoda	Run actions/checkout@11d5960a326750d5838078e36cf38b85af677262	2026-10-05T08:37:26.2266726Z   submodules: false
nanoda	Run actions/checkout@11d5960a326750d5838078e36cf38b85af677262	2026-10-05T08:37:26.2267082Z   set-safe-directory: true
nanoda	Run actions/checkout@11d5960a326750d5838078e36cf38b85af677262	2026-10-05T08:37:26.2267480Z   allow-unsafe-pr-checkout: false
nanoda	Run actions/checkout@11d5960a326750d5838078e36cf38b85af677262	2026-10-05T08:37:26.2268021Z ##[endgroup]
nanoda	Run actions/checkout@11d5960a326750d5838078e36cf38b85af677262	2026-10-05T08:37:26.3103332Z Syncing repository: yuhaolei-ctrl/Sharp-Beckner-Onofri-inequalities-Lean
nanoda	Run actions/checkout@11d5960a326750d5838078e36cf38b85af677262	2026-10-05T08:37:26.3105863Z ##[group]Getting Git version info
nanoda	Run actions/checkout@11d5960a326750d5838078e36cf38b85af677262	2026-10-05T08:37:26.3107218Z Working directory is '/home/runner/work/Sharp-Beckner-Onofri-inequalities-Lean/Sharp-Beckner-Onofri-inequalities-Lean'
nanoda	Run actions/checkout@11d5960a326750d5838078e36cf38b85af677262	2026-10-05T08:37:26.3109153Z [command]/usr/bin/git version
nanoda	Run actions/checkout@11d5960a326750d5838078e36cf38b85af677262	2026-10-05T08:37:26.3427242Z git version 2.55.0
nanoda	Run actions/checkout@11d5960a326750d5838078e36cf38b85af677262	2026-10-05T08:37:26.3446578Z ##[endgroup]
nanoda	Run actions/checkout@11d5960a326750d5838078e36cf38b85af677262	2026-10-05T08:37:26.3460612Z Temporarily overriding HOME='/home/runner/work/_temp/9eb2cdd9-2fe8-4f7b-89b8-b8faa26a0ac7' before making global git config changes
nanoda	Run actions/checkout@11d5960a326750d5838078e36cf38b85af677262	2026-10-05T08:37:26.3462210Z Adding repository directory to the temporary git global config as a safe directory
nanoda	Run actions/checkout@11d5960a326750d5838078e36cf38b85af677262	2026-10-05T08:37:26.3466030Z [command]/usr/bin/git config --global --add safe.directory /home/runner/work/Sharp-Beckner-Onofri-inequalities-Lean/Sharp-Beckner-Onofri-inequalities-Lean
nanoda	Run actions/checkout@11d5960a326750d5838078e36cf38b85af677262	2026-10-05T08:37:26.3515767Z Deleting the contents of '/home/runner/work/Sharp-Beckner-Onofri-inequalities-Lean/Sharp-Beckner-Onofri-inequalities-Lean'
nanoda	Run actions/checkout@11d5960a326750d5838078e36cf38b85af677262	2026-10-05T08:37:26.3529678Z ##[group]Initializing the repository
nanoda	Run actions/checkout@11d5960a326750d5838078e36cf38b85af677262	2026-10-05T08:37:26.3538776Z [command]/usr/bin/git init /home/runner/work/Sharp-Beckner-Onofri-inequalities-Lean/Sharp-Beckner-Onofri-inequalities-Lean
nanoda	Run actions/checkout@11d5960a326750d5838078e36cf38b85af677262	2026-10-05T08:37:26.3643351Z hint: Using 'master' as the name for the initial branch. This default branch name
nanoda	Run actions/checkout@11d5960a326750d5838078e36cf38b85af677262	2026-10-05T08:37:26.3644904Z hint: will change to "main" in Git 3.0. To configure the initial branch name
nanoda	Run actions/checkout@11d5960a326750d5838078e36cf38b85af677262	2026-10-05T08:37:26.3646306Z hint: to use in all of your new repositories, which will suppress this warning,
nanoda	Run actions/checkout@11d5960a326750d5838078e36cf38b85af677262	2026-10-05T08:37:26.3647352Z hint: call:
nanoda	Run actions/checkout@11d5960a326750d5838078e36cf38b85af677262	2026-10-05T08:37:26.3648014Z hint:
nanoda	Run actions/checkout@11d5960a326750d5838078e36cf38b85af677262	2026-10-05T08:37:26.3648925Z hint: 	git config --global init.defaultBranch <name>
nanoda	Run actions/checkout@11d5960a326750d5838078e36cf38b85af677262	2026-10-05T08:37:26.3649824Z hint:
nanoda	Run actions/checkout@11d5960a326750d5838078e36cf38b85af677262	2026-10-05T08:37:26.3650663Z hint: Names commonly chosen instead of 'master' are 'main', 'trunk' and
nanoda	Run actions/checkout@11d5960a326750d5838078e36cf38b85af677262	2026-10-05T08:37:26.3651981Z hint: 'development'. The just-created branch can be renamed via this command:
nanoda	Run actions/checkout@11d5960a326750d5838078e36cf38b85af677262	2026-10-05T08:37:26.3653027Z hint:
nanoda	Run actions/checkout@11d5960a326750d5838078e36cf38b85af677262	2026-10-05T08:37:26.3653678Z hint: 	git branch -m <name>
nanoda	Run actions/checkout@11d5960a326750d5838078e36cf38b85af677262	2026-10-05T08:37:26.3654391Z hint:
nanoda	Run actions/checkout@11d5960a326750d5838078e36cf38b85af677262	2026-10-05T08:37:26.3655363Z hint: Disable this message with "git config set advice.defaultBranchName false"
nanoda	Run actions/checkout@11d5960a326750d5838078e36cf38b85af677262	2026-10-05T08:37:26.3657420Z Initialized empty Git repository in /home/runner/work/Sharp-Beckner-Onofri-inequalities-Lean/Sharp-Beckner-Onofri-inequalities-Lean/.git/
nanoda	Run actions/checkout@11d5960a326750d5838078e36cf38b85af677262	2026-10-05T08:37:26.3660877Z [command]/usr/bin/git remote add origin https://github.com/yuhaolei-ctrl/Sharp-Beckner-Onofri-inequalities-Lean
nanoda	Run actions/checkout@11d5960a326750d5838078e36cf38b85af677262	2026-10-05T08:37:26.3706578Z ##[endgroup]
nanoda	Run actions/checkout@11d5960a326750d5838078e36cf38b85af677262	2026-10-05T08:37:26.3707600Z ##[group]Disabling automatic garbage collection
nanoda	Run actions/checkout@11d5960a326750d5838078e36cf38b85af677262	2026-10-05T08:37:26.3711156Z [command]/usr/bin/git config --local gc.auto 0
nanoda	Run actions/checkout@11d5960a326750d5838078e36cf38b85af677262	2026-10-05T08:37:26.3745689Z ##[endgroup]
nanoda	Run actions/checkout@11d5960a326750d5838078e36cf38b85af677262	2026-10-05T08:37:26.3746784Z ##[group]Setting up auth
nanoda	Run actions/checkout@11d5960a326750d5838078e36cf38b85af677262	2026-10-05T08:37:26.3759026Z [command]/usr/bin/git config --local --name-only --get-regexp core\.sshCommand
nanoda	Run actions/checkout@11d5960a326750d5838078e36cf38b85af677262	2026-10-05T08:37:26.3785794Z [command]/usr/bin/git submodule foreach --recursive sh -c "git config --local --name-only --get-regexp 'core\.sshCommand' && git config --local --unset-all 'core.sshCommand' || :"
nanoda	Run actions/checkout@11d5960a326750d5838078e36cf38b85af677262	2026-10-05T08:37:26.4466270Z [command]/usr/bin/git config --local --name-only --get-regexp http\.https\:\/\/github\.com\/\.extraheader
nanoda	Run actions/checkout@11d5960a326750d5838078e36cf38b85af677262	2026-10-05T08:37:26.4499554Z [command]/usr/bin/git submodule foreach --recursive sh -c "git config --local --name-only --get-regexp 'http\.https\:\/\/github\.com\/\.extraheader' && git config --local --unset-all 'http.https://github.com/.extraheader' || :"
nanoda	Run actions/checkout@11d5960a326750d5838078e36cf38b85af677262	2026-10-05T08:37:26.4696227Z [command]/usr/bin/git config --local --name-only --get-regexp ^includeIf\.gitdir:
nanoda	Run actions/checkout@11d5960a326750d5838078e36cf38b85af677262	2026-10-05T08:37:26.4728468Z [command]/usr/bin/git submodule foreach --recursive git config --local --show-origin --name-only --get-regexp remote.origin.url
nanoda	Run actions/checkout@11d5960a326750d5838078e36cf38b85af677262	2026-10-05T08:37:26.4921980Z [command]/usr/bin/git config --local http.https://github.com/.extraheader AUTHORIZATION: basic ***
nanoda	Run actions/checkout@11d5960a326750d5838078e36cf38b85af677262	2026-10-05T08:37:26.4958396Z ##[endgroup]
nanoda	Run actions/checkout@11d5960a326750d5838078e36cf38b85af677262	2026-10-05T08:37:26.4959274Z ##[group]Fetching the repository
nanoda	Run actions/checkout@11d5960a326750d5838078e36cf38b85af677262	2026-10-05T08:37:26.4966093Z [command]/usr/bin/git -c protocol.version=2 fetch --no-tags --prune --no-recurse-submodules --depth=1 origin +78ac7015e70ed305785e71071268f5cfd94b3084:refs/remotes/origin/main
nanoda	Run actions/checkout@11d5960a326750d5838078e36cf38b85af677262	2026-10-05T08:37:27.6520850Z From https://github.com/yuhaolei-ctrl/Sharp-Beckner-Onofri-inequalities-Lean
nanoda	Run actions/checkout@11d5960a326750d5838078e36cf38b85af677262	2026-10-05T08:37:27.6522979Z  * [new ref]         78ac7015e70ed305785e71071268f5cfd94b3084 -> origin/main
nanoda	Run actions/checkout@11d5960a326750d5838078e36cf38b85af677262	2026-10-05T08:37:27.6526292Z ##[endgroup]
nanoda	Run actions/checkout@11d5960a326750d5838078e36cf38b85af677262	2026-10-05T08:37:27.6527440Z ##[group]Determining the checkout info
nanoda	Run actions/checkout@11d5960a326750d5838078e36cf38b85af677262	2026-10-05T08:37:27.6528932Z ##[endgroup]
nanoda	Run actions/checkout@11d5960a326750d5838078e36cf38b85af677262	2026-10-05T08:37:27.6529783Z [command]/usr/bin/git sparse-checkout disable
nanoda	Run actions/checkout@11d5960a326750d5838078e36cf38b85af677262	2026-10-05T08:37:27.6576218Z [command]/usr/bin/git config --local --unset-all extensions.worktreeConfig
nanoda	Run actions/checkout@11d5960a326750d5838078e36cf38b85af677262	2026-10-05T08:37:27.6605157Z ##[group]Checking out the ref
nanoda	Run actions/checkout@11d5960a326750d5838078e36cf38b85af677262	2026-10-05T08:37:27.6607709Z [command]/usr/bin/git checkout --progress --force -B main refs/remotes/origin/main
nanoda	Run actions/checkout@11d5960a326750d5838078e36cf38b85af677262	2026-10-05T08:37:28.1558876Z Switched to a new branch 'main'
nanoda	Run actions/checkout@11d5960a326750d5838078e36cf38b85af677262	2026-10-05T08:37:28.1562055Z branch 'main' set up to track 'origin/main'.
nanoda	Run actions/checkout@11d5960a326750d5838078e36cf38b85af677262	2026-10-05T08:37:28.1589748Z ##[endgroup]
nanoda	Run actions/checkout@11d5960a326750d5838078e36cf38b85af677262	2026-10-05T08:37:28.1630302Z [command]/usr/bin/git log -1 --format=%H
nanoda	Run actions/checkout@11d5960a326750d5838078e36cf38b85af677262	2026-10-05T08:37:28.1653601Z 78ac7015e70ed305785e71071268f5cfd94b3084
nanoda	Download and validate the exact proof export	﻿2026-10-05T08:37:28.1848244Z ##[group]Run mkdir -p external-check
nanoda	Download and validate the exact proof export	2026-10-05T08:37:28.1848869Z ^[[36;1mmkdir -p external-check^[[0m
nanoda	Download and validate the exact proof export	2026-10-05T08:37:28.1849368Z ^[[36;1mgh release download "$CERT_RELEASE" --pattern solution.ndjson.gz --pattern certificate-export.json --dir external-check^[[0m
nanoda	Download and validate the exact proof export	2026-10-05T08:37:28.1849980Z ^[[36;1mpython3 scripts/prepare_external_check.py | tee external-check/identity.log^[[0m
nanoda	Download and validate the exact proof export	2026-10-05T08:37:28.1850353Z ^[[36;1mpython3 - <<'PY'^[[0m
nanoda	Download and validate the exact proof export	2026-10-05T08:37:28.1850590Z ^[[36;1mimport json, os^[[0m
nanoda	Download and validate the exact proof export	2026-10-05T08:37:28.1850835Z ^[[36;1mfrom pathlib import Path^[[0m
nanoda	Download and validate the exact proof export	2026-10-05T08:37:28.1851130Z ^[[36;1mp = Path("external-check/nanoda-config.json")^[[0m
nanoda	Download and validate the exact proof export	2026-10-05T08:37:28.1851436Z ^[[36;1msettings = json.loads(p.read_text())^[[0m
nanoda	Download and validate the exact proof export	2026-10-05T08:37:28.1851734Z ^[[36;1mworkers = int(os.environ["NANODA_THREADS"])^[[0m
nanoda	Download and validate the exact proof export	2026-10-05T08:37:28.1852015Z ^[[36;1massert workers in (1, 2, 4)^[[0m
nanoda	Download and validate the exact proof export	2026-10-05T08:37:28.1852273Z ^[[36;1msettings["num_threads"] = workers^[[0m
nanoda	Download and validate the exact proof export	2026-10-05T08:37:28.1852607Z ^[[36;1mp.write_text(json.dumps(settings, indent=2) + "\n")^[[0m
nanoda	Download and validate the exact proof export	2026-10-05T08:37:28.1852935Z ^[[36;1mPY^[[0m
nanoda	Download and validate the exact proof export	2026-10-05T08:37:28.2149299Z shell: /usr/bin/bash -e {0}
nanoda	Download and validate the exact proof export	2026-10-05T08:37:28.2149654Z env:
nanoda	Download and validate the exact proof export	2026-10-05T08:37:28.2152006Z   GH_TOKEN: ***
nanoda	Download and validate the exact proof export	2026-10-05T08:37:28.2152303Z   GH_REPO: yuhaolei-ctrl/Sharp-Beckner-Onofri-inequalities-Lean
nanoda	Download and validate the exact proof export	2026-10-05T08:37:28.2152655Z   CERT_RELEASE: certificate-20261005-d561980
nanoda	Download and validate the exact proof export	2026-10-05T08:37:28.2152911Z   NANODA_THREADS: 2
nanoda	Download and validate the exact proof export	2026-10-05T08:37:28.2153116Z ##[endgroup]
nanoda	Download and validate the exact proof export	2026-10-05T08:37:50.6174392Z {
nanoda	Download and validate the exact proof export	2026-10-05T08:37:50.6175089Z   "validated_export_sha256": "5c49eb455c7e931ada9e86dc1852612dac7c02f3ddb3430ba6a70133b76aec76",
nanoda	Download and validate the exact proof export	2026-10-05T08:37:50.6175713Z   "source_commit": "d561980e2b10e1c431e1a1656a025bd41e7270dd",
nanoda	Download and validate the exact proof export	2026-10-05T08:37:50.6176083Z   "target_count": 269,
nanoda	Download and validate the exact proof export	2026-10-05T08:37:50.6176587Z   "source_manifest_sha256": "f7f23b1a9a2aeaafbbc61b1fa7e430fe0eb43ab3416413026df975a41fe71ff2"
nanoda	Download and validate the exact proof export	2026-10-05T08:37:50.6177145Z }
nanoda	Record host memory and optionally add swap	﻿2026-10-05T08:37:50.7749316Z ##[group]Run set -o pipefail
nanoda	Record host memory and optionally add swap	2026-10-05T08:37:50.7749655Z ^[[36;1mset -o pipefail^[[0m
nanoda	Record host memory and optionally add swap	2026-10-05T08:37:50.7749858Z ^[[36;1mpython3 - <<'PYSETTINGS'^[[0m
nanoda	Record host memory and optionally add swap	2026-10-05T08:37:50.7750076Z ^[[36;1mimport json, os^[[0m
nanoda	Record host memory and optionally add swap	2026-10-05T08:37:50.7750267Z ^[[36;1mfrom pathlib import Path^[[0m
nanoda	Record host memory and optionally add swap	2026-10-05T08:37:50.7750492Z ^[[36;1msize = int(os.environ['EXTRA_SWAP_GB'])^[[0m
nanoda	Record host memory and optionally add swap	2026-10-05T08:37:50.7750733Z ^[[36;1massert size in (0, 8)^[[0m
nanoda	Record host memory and optionally add swap	2026-10-05T08:37:50.7751073Z ^[[36;1mPath('external-check/host-memory-settings.json').write_text(json.dumps({^[[0m
nanoda	Record host memory and optionally add swap	2026-10-05T08:37:50.7751416Z ^[[36;1m    'additional_swap_bytes': size * 1024**3,^[[0m
nanoda	Record host memory and optionally add swap	2026-10-05T08:37:50.7751958Z ^[[36;1m    'scope': 'disposable GitHub runner only; no proof or checker rule changes'^[[0m
nanoda	Record host memory and optionally add swap	2026-10-05T08:37:50.7752442Z ^[[36;1m}, indent=2) + '\n')^[[0m
nanoda	Record host memory and optionally add swap	2026-10-05T08:37:50.7752727Z ^[[36;1mPYSETTINGS^[[0m
nanoda	Record host memory and optionally add swap	2026-10-05T08:37:50.7753018Z ^[[36;1mif [ "$EXTRA_SWAP_GB" = "8" ]; then^[[0m
nanoda	Record host memory and optionally add swap	2026-10-05T08:37:50.7753473Z ^[[36;1m  test "$(df --output=avail -B1 "$RUNNER_TEMP" | tail -n 1)" -gt 9663676416^[[0m
nanoda	Record host memory and optionally add swap	2026-10-05T08:37:50.7754034Z ^[[36;1m  sudo fallocate -l 8G "$RUNNER_TEMP/nanoda-extra.swap"^[[0m
nanoda	Record host memory and optionally add swap	2026-10-05T08:37:50.7754350Z ^[[36;1m  sudo chmod 600 "$RUNNER_TEMP/nanoda-extra.swap"^[[0m
nanoda	Record host memory and optionally add swap	2026-10-05T08:37:50.7754634Z ^[[36;1m  sudo mkswap "$RUNNER_TEMP/nanoda-extra.swap"^[[0m
nanoda	Record host memory and optionally add swap	2026-10-05T08:37:50.7754901Z ^[[36;1m  sudo swapon "$RUNNER_TEMP/nanoda-extra.swap"^[[0m
nanoda	Record host memory and optionally add swap	2026-10-05T08:37:50.7755126Z ^[[36;1mfi^[[0m
nanoda	Record host memory and optionally add swap	2026-10-05T08:37:50.7755321Z ^[[36;1mfree -h | tee external-check/host-memory.log^[[0m
nanoda	Record host memory and optionally add swap	2026-10-05T08:37:50.7755629Z ^[[36;1mswapon --show | tee -a external-check/host-memory.log^[[0m
nanoda	Record host memory and optionally add swap	2026-10-05T08:37:50.7814623Z shell: /usr/bin/bash -e {0}
nanoda	Record host memory and optionally add swap	2026-10-05T08:37:50.7814874Z env:
nanoda	Record host memory and optionally add swap	2026-10-05T08:37:50.7815085Z   EXTRA_SWAP_GB: 8
nanoda	Record host memory and optionally add swap	2026-10-05T08:37:50.7815301Z ##[endgroup]
nanoda	Record host memory and optionally add swap	2026-10-05T08:37:50.8683665Z Setting up swapspace version 1, size = 8 GiB (8589930496 bytes)
nanoda	Record host memory and optionally add swap	2026-10-05T08:37:50.8684476Z no label, UUID=d9c797a7-c62f-4acc-83ea-94df8ce17ce1
nanoda	Record host memory and optionally add swap	2026-10-05T08:37:50.8790167Z                total        used        free      shared  buff/cache   available
nanoda	Record host memory and optionally add swap	2026-10-05T08:37:50.8791521Z Mem:            15Gi       1.0Gi        10Gi        42Mi       4.7Gi        14Gi
nanoda	Record host memory and optionally add swap	2026-10-05T08:37:50.8791825Z Swap:           10Gi          0B        10Gi
nanoda	Record host memory and optionally add swap	2026-10-05T08:37:50.8805851Z NAME                                      TYPE SIZE USED PRIO
nanoda	Record host memory and optionally add swap	2026-10-05T08:37:50.8806390Z /swapfile                                 file   3G   0B   -2
nanoda	Record host memory and optionally add swap	2026-10-05T08:37:50.8806896Z /home/runner/work/_temp/nanoda-extra.swap file   8G   0B   -3
nanoda	Build pinned independent kernel	﻿2026-10-05T08:37:50.8839078Z ##[group]Run git clone https://github.com/ammkrn/nanoda_lib .tools/nanoda
nanoda	Build pinned independent kernel	2026-10-05T08:37:50.8839550Z ^[[36;1mgit clone https://github.com/ammkrn/nanoda_lib .tools/nanoda^[[0m
nanoda	Build pinned independent kernel	2026-10-05T08:37:50.8839961Z ^[[36;1mgit -C .tools/nanoda checkout --detach 4c544ed4099c8227f07d5de77ad1e69fb0740a27^[[0m
nanoda	Build pinned independent kernel	2026-10-05T08:37:50.8840350Z ^[[36;1mpython3 scripts/patch_nanoda_runtime.py .tools/nanoda^[[0m
nanoda	Build pinned independent kernel	2026-10-05T08:37:50.8840667Z ^[[36;1mrustup toolchain install 1.90.0 --profile minimal^[[0m
nanoda	Build pinned independent kernel	2026-10-05T08:37:50.8841047Z ^[[36;1mcargo +1.90.0 build --release --locked --manifest-path .tools/nanoda/Cargo.toml^[[0m
nanoda	Build pinned independent kernel	2026-10-05T08:37:50.8841523Z ^[[36;1msha256sum .tools/nanoda/target/release/nanoda_bin > external-check/checker-binary.sha256^[[0m
nanoda	Build pinned independent kernel	2026-10-05T08:37:50.8841944Z ^[[36;1mgit -C .tools/nanoda diff > external-check/checker.patch^[[0m
nanoda	Build pinned independent kernel	2026-10-05T08:37:50.8900066Z shell: /usr/bin/bash -e {0}
nanoda	Build pinned independent kernel	2026-10-05T08:37:50.8900306Z ##[endgroup]
nanoda	Build pinned independent kernel	2026-10-05T08:37:50.8993361Z Cloning into '.tools/nanoda'...
nanoda	Build pinned independent kernel	2026-10-05T08:37:51.3851033Z HEAD is now at 4c544ed Merge pull request #31 from ammkrn/flt_perf
nanoda	Build pinned independent kernel	2026-10-05T08:37:51.4091744Z Applied runtime-only stack and diagnostic-trace patch; checker rules unchanged.
nanoda	Build pinned independent kernel	2026-10-05T08:37:51.4516048Z info: syncing channel updates for 1.90.0-x86_64-unknown-linux-gnu
nanoda	Build pinned independent kernel	2026-10-05T08:37:51.5467405Z info: latest update on 2025-09-18 for version 1.90.0 (1159e78c4 2025-09-14)
nanoda	Build pinned independent kernel	2026-10-05T08:37:51.5468047Z info: downloading 3 components
nanoda	Build pinned independent kernel	2026-10-05T08:37:58.2848994Z 
nanoda	Build pinned independent kernel	2026-10-05T08:37:58.2918057Z   1.90.0-x86_64-unknown-linux-gnu installed - rustc 1.90.0 (1159e78c4 2025-09-14)
nanoda	Build pinned independent kernel	2026-10-05T08:37:58.2918463Z 
nanoda	Build pinned independent kernel	2026-10-05T08:37:58.3287993Z     Updating crates.io index
nanoda	Build pinned independent kernel	2026-10-05T08:37:58.6882851Z  Downloading crates ...
nanoda	Build pinned independent kernel	2026-10-05T08:37:58.7500396Z   Downloaded autocfg v1.1.0
nanoda	Build pinned independent kernel	2026-10-05T08:37:58.7536177Z   Downloaded memchr v2.7.6
nanoda	Build pinned independent kernel	2026-10-05T08:37:58.7586631Z   Downloaded unicode-ident v1.0.12
nanoda	Build pinned independent kernel	2026-10-05T08:37:58.7613888Z   Downloaded num-integer v0.1.46
nanoda	Build pinned independent kernel	2026-10-05T08:37:58.7629483Z   Downloaded rustc-hash v1.1.0
nanoda	Build pinned independent kernel	2026-10-05T08:37:58.7638098Z   Downloaded quote v1.0.35
nanoda	Build pinned independent kernel	2026-10-05T08:37:58.7665120Z   Downloaded semver v1.0.27
nanoda	Build pinned independent kernel	2026-10-05T08:37:58.7686084Z   Downloaded rand_chacha v0.3.1
nanoda	Build pinned independent kernel	2026-10-05T08:37:58.7695938Z   Downloaded num-traits v0.2.17
nanoda	Build pinned independent kernel	2026-10-05T08:37:58.7721696Z   Downloaded serde_derive v1.0.228
nanoda	Build pinned independent kernel	2026-10-05T08:37:58.7748994Z   Downloaded proc-macro2 v1.0.103
nanoda	Build pinned independent kernel	2026-10-05T08:37:58.7776364Z   Downloaded ryu v1.0.20
nanoda	Build pinned independent kernel	2026-10-05T08:37:58.7805341Z   Downloaded ppv-lite86 v0.2.17
nanoda	Build pinned independent kernel	2026-10-05T08:37:58.7817239Z   Downloaded hashbrown v0.16.1
nanoda	Build pinned independent kernel	2026-10-05T08:37:58.7864074Z   Downloaded serde v1.0.228
nanoda	Build pinned independent kernel	2026-10-05T08:37:58.7896389Z   Downloaded indexmap v2.13.0
nanoda	Build pinned independent kernel	2026-10-05T08:37:58.7935295Z   Downloaded serde_core v1.0.228
nanoda	Build pinned independent kernel	2026-10-05T08:37:58.7960332Z   Downloaded serde_json v1.0.145
nanoda	Build pinned independent kernel	2026-10-05T08:37:58.8022425Z   Downloaded num-bigint v0.4.4
nanoda	Build pinned independent kernel	2026-10-05T08:37:58.8061932Z   Downloaded rand v0.8.5
nanoda	Build pinned independent kernel	2026-10-05T08:37:58.8091530Z   Downloaded equivalent v1.0.1
nanoda	Build pinned independent kernel	2026-10-05T08:37:58.8100730Z   Downloaded cfg-if v1.0.0
nanoda	Build pinned independent kernel	2026-10-05T08:37:58.8113546Z   Downloaded rand_core v0.6.4
nanoda	Build pinned independent kernel	2026-10-05T08:37:58.8128975Z   Downloaded getrandom v0.2.11
nanoda	Build pinned independent kernel	2026-10-05T08:37:58.8169021Z   Downloaded syn v2.0.111
nanoda	Build pinned independent kernel	2026-10-05T08:37:58.8262213Z   Downloaded itoa v1.0.15
nanoda	Build pinned independent kernel	2026-10-05T08:37:58.8292404Z   Downloaded libc v0.2.180
nanoda	Build pinned independent kernel	2026-10-05T08:37:58.8777995Z    Compiling proc-macro2 v1.0.103
nanoda	Build pinned independent kernel	2026-10-05T08:37:58.8778448Z    Compiling autocfg v1.1.0
nanoda	Build pinned independent kernel	2026-10-05T08:37:58.8778936Z    Compiling unicode-ident v1.0.12
nanoda	Build pinned independent kernel	2026-10-05T08:37:58.8785199Z    Compiling serde_core v1.0.228
nanoda	Build pinned independent kernel	2026-10-05T08:37:58.9216451Z    Compiling serde v1.0.228
nanoda	Build pinned independent kernel	2026-10-05T08:37:59.0367994Z    Compiling num-traits v0.2.17
nanoda	Build pinned independent kernel	2026-10-05T08:37:59.0932400Z    Compiling num-bigint v0.4.4
nanoda	Build pinned independent kernel	2026-10-05T08:37:59.1949546Z    Compiling serde_json v1.0.145
nanoda	Build pinned independent kernel	2026-10-05T08:37:59.3710920Z    Compiling memchr v2.7.6
nanoda	Build pinned independent kernel	2026-10-05T08:37:59.6049502Z    Compiling quote v1.0.35
nanoda	Build pinned independent kernel	2026-10-05T08:37:59.7749632Z    Compiling syn v2.0.111
nanoda	Build pinned independent kernel	2026-10-05T08:37:59.8986663Z    Compiling num-integer v0.1.46
nanoda	Build pinned independent kernel	2026-10-05T08:38:00.1041327Z    Compiling equivalent v1.0.1
nanoda	Build pinned independent kernel	2026-10-05T08:38:00.1309801Z    Compiling hashbrown v0.16.1
nanoda	Build pinned independent kernel	2026-10-05T08:38:00.1724893Z    Compiling itoa v1.0.15
nanoda	Build pinned independent kernel	2026-10-05T08:38:00.2334354Z    Compiling ryu v1.0.20
nanoda	Build pinned independent kernel	2026-10-05T08:38:00.3890016Z    Compiling semver v1.0.27
nanoda	Build pinned independent kernel	2026-10-05T08:38:00.6669704Z    Compiling indexmap v2.13.0
nanoda	Build pinned independent kernel	2026-10-05T08:38:00.6892898Z    Compiling rustc-hash v1.1.0
nanoda	Build pinned independent kernel	2026-10-05T08:38:01.4202624Z    Compiling serde_derive v1.0.228
nanoda	Build pinned independent kernel	2026-10-05T08:38:03.6327819Z    Compiling nanoda_lib v0.4.17 (/home/runner/work/Sharp-Beckner-Onofri-inequalities-Lean/Sharp-Beckner-Onofri-inequalities-Lean/.tools/nanoda)
nanoda	Build pinned independent kernel	2026-10-05T08:38:14.1657747Z     Finished `release` profile [optimized] target(s) in 15.85s
nanoda	Check all exported declarations and resolve all registered targets	﻿2026-10-05T08:38:14.1887881Z ##[group]Run set -o pipefail
nanoda	Check all exported declarations and resolve all registered targets	2026-10-05T08:38:14.1888161Z ^[[36;1mset -o pipefail^[[0m
nanoda	Check all exported declarations and resolve all registered targets	2026-10-05T08:38:14.1888348Z ^[[36;1mulimit -c 0^[[0m
nanoda	Check all exported declarations and resolve all registered targets	2026-10-05T08:38:14.1888520Z ^[[36;1m(while sleep 60; do^[[0m
nanoda	Check all exported declarations and resolve all registered targets	2026-10-05T08:38:14.1888966Z ^[[36;1m  date -u^[[0m
nanoda	Check all exported declarations and resolve all registered targets	2026-10-05T08:38:14.1889319Z ^[[36;1m  ps -C nanoda_bin -o pid,etime,time,%cpu,rss,vsz,stat || true^[[0m
nanoda	Check all exported declarations and resolve all registered targets	2026-10-05T08:38:14.1889667Z ^[[36;1m  for trace in external-check/*.trace; do^[[0m
nanoda	Check all exported declarations and resolve all registered targets	2026-10-05T08:38:14.1889928Z ^[[36;1m    test ! -f "$trace" || tail -n 1 "$trace"^[[0m
nanoda	Check all exported declarations and resolve all registered targets	2026-10-05T08:38:14.1890151Z ^[[36;1m  done^[[0m
nanoda	Check all exported declarations and resolve all registered targets	2026-10-05T08:38:14.1890315Z ^[[36;1mdone) &^[[0m
nanoda	Check all exported declarations and resolve all registered targets	2026-10-05T08:38:14.1890481Z ^[[36;1mmonitor_pid=$!^[[0m
nanoda	Check all exported declarations and resolve all registered targets	2026-10-05T08:38:14.1890711Z ^[[36;1mtrap 'kill "$monitor_pid" 2>/dev/null || true' EXIT^[[0m
nanoda	Check all exported declarations and resolve all registered targets	2026-10-05T08:38:14.1891316Z ^[[36;1m/usr/bin/time -v .tools/nanoda/target/release/nanoda_bin external-check/nanoda-config.json < external-check/solution.ndjson 2>&1 | tee external-check/nanoda.log^[[0m
nanoda	Check all exported declarations and resolve all registered targets	2026-10-05T08:38:14.1891889Z ^[[36;1mpython3 - <<'PY'^[[0m
nanoda	Check all exported declarations and resolve all registered targets	2026-10-05T08:38:14.1892129Z ^[[36;1mimport re^[[0m
nanoda	Check all exported declarations and resolve all registered targets	2026-10-05T08:38:14.1892308Z ^[[36;1mfrom pathlib import Path^[[0m
nanoda	Check all exported declarations and resolve all registered targets	2026-10-05T08:38:14.1892568Z ^[[36;1mtext = Path('external-check/nanoda.log').read_text()^[[0m
nanoda	Check all exported declarations and resolve all registered targets	2026-10-05T08:38:14.1892918Z ^[[36;1massert re.search(r'Checked [0-9]+ declarations with no errors', text)^[[0m
nanoda	Check all exported declarations and resolve all registered targets	2026-10-05T08:38:14.1893298Z ^[[36;1massert Path('external-check/checked-targets.txt').stat().st_size > 0^[[0m
nanoda	Check all exported declarations and resolve all registered targets	2026-10-05T08:38:14.1893588Z ^[[36;1mPY^[[0m
nanoda	Check all exported declarations and resolve all registered targets	2026-10-05T08:38:14.1948911Z shell: /usr/bin/bash -e {0}
nanoda	Check all exported declarations and resolve all registered targets	2026-10-05T08:38:14.1949143Z env:
nanoda	Check all exported declarations and resolve all registered targets	2026-10-05T08:38:14.1949573Z   NANODA_TRACE_DIR: /home/runner/work/Sharp-Beckner-Onofri-inequalities-Lean/Sharp-Beckner-Onofri-inequalities-Lean/external-check
nanoda	Check all exported declarations and resolve all registered targets	2026-10-05T08:38:14.1950049Z ##[endgroup]
nanoda	Check all exported declarations and resolve all registered targets	2026-10-05T08:39:14.2057940Z Mon Oct  5 08:39:14 UTC 2026
nanoda	Check all exported declarations and resolve all registered targets	2026-10-05T08:39:14.2153697Z     PID     ELAPSED     TIME %CPU   RSS    VSZ STAT
nanoda	Check all exported declarations and resolve all registered targets	2026-10-05T08:39:14.2154672Z    2713       00:59 00:01:36  161 3822176 7520260 Sl
nanoda	Check all exported declarations and resolve all registered targets	2026-10-05T08:39:14.2175629Z 64163 BecknerOnofri.HighDim.EntropyTail.ExpCertificate.Exp0000.accepted._proof_1_1
nanoda	Check all exported declarations and resolve all registered targets	2026-10-05T08:39:14.2188412Z 62104 BecknerOnofri.HighDim.Spin.count_joint_moment_rational._proof_1_1
nanoda	Check all exported declarations and resolve all registered targets	2026-10-05T08:40:14.2215319Z Mon Oct  5 08:40:14 UTC 2026
nanoda	Check all exported declarations and resolve all registered targets	2026-10-05T08:40:14.2298447Z     PID     ELAPSED     TIME %CPU   RSS    VSZ STAT
nanoda	Check all exported declarations and resolve all registered targets	2026-10-05T08:40:14.2299243Z    2713       01:59 00:03:36  180 2280256 5640176 Sl
nanoda	Check all exported declarations and resolve all registered targets	2026-10-05T08:40:14.2313544Z 68380 BecknerOnofri.HighDim.EntropyTail.ExpCertificate.Exp0004.accepted._proof_1_1
nanoda	Check all exported declarations and resolve all registered targets	2026-10-05T08:40:14.2325177Z 68402 BecknerOnofri.HighDim.EntropyTail.HeatCertificate.Panels0004.e001276
nanoda	Check all exported declarations and resolve all registered targets	2026-10-05T08:41:14.2353195Z Mon Oct  5 08:41:14 UTC 2026
nanoda	Check all exported declarations and resolve all registered targets	2026-10-05T08:41:14.2428498Z     PID     ELAPSED     TIME %CPU   RSS    VSZ STAT
nanoda	Check all exported declarations and resolve all registered targets	2026-10-05T08:41:14.2431504Z    2713       03:00 00:05:36  187 2579752 6217716 Sl
nanoda	Check all exported declarations and resolve all registered targets	2026-10-05T08:41:14.2442131Z 74628 BecknerOnofri.HighDim.EntropyTail.ExpCertificate.Exp0010.accepted._proof_1_1
nanoda	Check all exported declarations and resolve all registered targets	2026-10-05T08:41:14.2452816Z 75226 BecknerOnofri.HighDim.EntropyTail.HeatCertificate.Panels0010.e002668
nanoda	Check all exported declarations and resolve all registered targets	2026-10-05T08:42:14.2479793Z Mon Oct  5 08:42:14 UTC 2026
nanoda	Check all exported declarations and resolve all registered targets	2026-10-05T08:42:14.2554025Z     PID     ELAPSED     TIME %CPU   RSS    VSZ STAT
nanoda	Check all exported declarations and resolve all registered targets	2026-10-05T08:42:14.2554625Z    2713       04:00 00:07:36  190 3043292 6621180 Sl
nanoda	Check all exported declarations and resolve all registered targets	2026-10-05T08:42:14.2568009Z 81916 BecknerOnofri.HighDim.EntropyTail.ExpCertificate.Exp0017.accepted._proof_1_1
nanoda	Check all exported declarations and resolve all registered targets	2026-10-05T08:42:14.2579349Z 80876 BecknerOnofri.HighDim.EntropyTail.ExpCertificate.Exp0016.accepted._proof_1_1
nanoda	Check all exported declarations and resolve all registered targets	2026-10-05T08:43:14.2607622Z Mon Oct  5 08:43:14 UTC 2026
nanoda	Check all exported declarations and resolve all registered targets	2026-10-05T08:43:14.2687181Z     PID     ELAPSED     TIME %CPU   RSS    VSZ STAT
nanoda	Check all exported declarations and resolve all registered targets	2026-10-05T08:43:14.2690001Z    2713       05:00 00:09:37  192 2464912 5820400 Sl
nanoda	Check all exported declarations and resolve all registered targets	2026-10-05T08:43:14.2702729Z 88156 BecknerOnofri.HighDim.EntropyTail.ExpCertificate.Exp0023.accepted._proof_1_1
nanoda	Check all exported declarations and resolve all registered targets	2026-10-05T08:43:14.2714500Z 88525 BecknerOnofri.HighDim.EntropyTail.HeatCertificate.Panels0023.e006051._proof_3
nanoda	Check all exported declarations and resolve all registered targets	2026-10-05T08:44:14.2742963Z Mon Oct  5 08:44:14 UTC 2026
nanoda	Check all exported declarations and resolve all registered targets	2026-10-05T08:44:14.2821192Z     PID     ELAPSED     TIME %CPU   RSS    VSZ STAT
nanoda	Check all exported declarations and resolve all registered targets	2026-10-05T08:44:14.2822300Z    2713       06:00 00:11:37  193 2892180 6289400 Sl
nanoda	Check all exported declarations and resolve all registered targets	2026-10-05T08:44:14.2836498Z 94404 BecknerOnofri.HighDim.EntropyTail.ExpCertificate.Exp0029.accepted._proof_1_1
nanoda	Check all exported declarations and resolve all registered targets	2026-10-05T08:44:14.2847756Z 95433 BecknerOnofri.HighDim.EntropyTail.HeatCertificate.Panels0029.accepted._proof_1_1
nanoda	Check all exported declarations and resolve all registered targets	2026-10-05T08:45:14.2876472Z Mon Oct  5 08:45:14 UTC 2026
nanoda	Check all exported declarations and resolve all registered targets	2026-10-05T08:45:14.2953036Z     PID     ELAPSED     TIME %CPU   RSS    VSZ STAT
nanoda	Check all exported declarations and resolve all registered targets	2026-10-05T08:45:14.2953674Z    2713       07:00 00:13:37  194 2400188 5820400 Sl
nanoda	Check all exported declarations and resolve all registered targets	2026-10-05T08:45:14.2968230Z 101724 BecknerOnofri.HighDim.EntropyTail.HeatCertificate.Panels0036.e009471._proof_2
nanoda	Check all exported declarations and resolve all registered targets	2026-10-05T08:45:14.2980231Z 101692 BecknerOnofri.HighDim.EntropyTail.ExpCertificate.Exp0036.accepted._proof_1_1
nanoda	Check all exported declarations and resolve all registered targets	2026-10-05T08:46:14.3007835Z Mon Oct  5 08:46:14 UTC 2026
nanoda	Check all exported declarations and resolve all registered targets	2026-10-05T08:46:14.3081854Z     PID     ELAPSED     TIME %CPU   RSS    VSZ STAT
nanoda	Check all exported declarations and resolve all registered targets	2026-10-05T08:46:14.3082464Z    2713       08:00 00:15:37  195 2778824 6217716 Sl
nanoda	Check all exported declarations and resolve all registered targets	2026-10-05T08:46:14.3095562Z 107940 BecknerOnofri.HighDim.EntropyTail.ExpCertificate.Exp0042.accepted._proof_1_1
nanoda	Check all exported declarations and resolve all registered targets	2026-10-05T08:46:14.3106380Z 108623 BecknerOnofri.HighDim.EntropyTail.HeatCertificate.Panels0042.e010834._proof_1
nanoda	Check all exported declarations and resolve all registered targets	2026-10-05T08:47:14.3133294Z Mon Oct  5 08:47:14 UTC 2026
nanoda	Check all exported declarations and resolve all registered targets	2026-10-05T08:47:14.3212425Z     PID     ELAPSED     TIME %CPU   RSS    VSZ STAT
nanoda	Check all exported declarations and resolve all registered targets	2026-10-05T08:47:14.3215107Z    2713       09:00 00:17:37  195 2803728 6217716 Sl
nanoda	Check all exported declarations and resolve all registered targets	2026-10-05T08:47:14.3228163Z 114188 BecknerOnofri.HighDim.EntropyTail.ExpCertificate.Exp0048.accepted._proof_1_1
nanoda	Check all exported declarations and resolve all registered targets	2026-10-05T08:47:14.3240196Z 115223 BecknerOnofri.HighDim.EntropyTail.HeatCertificate.Panels0048.weights_checked._proof_1_1
nanoda	Check all exported declarations and resolve all registered targets	2026-10-05T08:48:14.3269166Z Mon Oct  5 08:48:14 UTC 2026
nanoda	Check all exported declarations and resolve all registered targets	2026-10-05T08:48:14.3349802Z     PID     ELAPSED     TIME %CPU   RSS    VSZ STAT
nanoda	Check all exported declarations and resolve all registered targets	2026-10-05T08:48:14.3354283Z    2713       10:00 00:19:37  196 3190440 7047160 Sl
nanoda	Check all exported declarations and resolve all registered targets	2026-10-05T08:48:14.3371375Z 121468 BecknerOnofri.HighDim.EntropyTail.ExpCertificate.Exp0055.accepted._proof_1_1
nanoda	Check all exported declarations and resolve all registered targets	2026-10-05T08:48:14.3399429Z 120428 BecknerOnofri.HighDim.EntropyTail.ExpCertificate.Exp0054.accepted._proof_1_1
nanoda	Check all exported declarations and resolve all registered targets	2026-10-05T08:49:14.3418282Z Mon Oct  5 08:49:14 UTC 2026
nanoda	Check all exported declarations and resolve all registered targets	2026-10-05T08:49:14.3491092Z     PID     ELAPSED     TIME %CPU   RSS    VSZ STAT
nanoda	Check all exported declarations and resolve all registered targets	2026-10-05T08:49:14.3493690Z    2713       11:00 00:21:37  196 2562312 6004728 Sl
nanoda	Check all exported declarations and resolve all registered targets	2026-10-05T08:49:14.3505866Z 127716 BecknerOnofri.HighDim.EntropyTail.ExpCertificate.Exp0061.accepted._proof_1_1
nanoda	Check all exported declarations and resolve all registered targets	2026-10-05T08:49:14.3518263Z 128181 BecknerOnofri.HighDim.EntropyTail.HeatCertificate.Panels0061.e015755._proof_3
nanoda	Check all exported declarations and resolve all registered targets	2026-10-05T08:50:14.3542968Z Mon Oct  5 08:50:14 UTC 2026
nanoda	Check all exported declarations and resolve all registered targets	2026-10-05T08:50:14.3622638Z     PID     ELAPSED     TIME %CPU   RSS    VSZ STAT
nanoda	Check all exported declarations and resolve all registered targets	2026-10-05T08:50:14.3625562Z    2713       12:00 00:23:37  196 3021312 6397948 Sl
nanoda	Check all exported declarations and resolve all registered targets	2026-10-05T08:50:14.3638447Z 134993 BecknerOnofri.HighDim.EntropyTail.HeatCertificate.Panels0067.accepted._proof_1_1
nanoda	Check all exported declarations and resolve all registered targets	2026-10-05T08:50:14.3650745Z 133964 BecknerOnofri.HighDim.EntropyTail.ExpCertificate.Exp0067.accepted._proof_1_1
nanoda	Check all exported declarations and resolve all registered targets	2026-10-05T08:51:14.3679239Z Mon Oct  5 08:51:14 UTC 2026
nanoda	Check all exported declarations and resolve all registered targets	2026-10-05T08:51:14.3753411Z     PID     ELAPSED     TIME %CPU   RSS    VSZ STAT
nanoda	Check all exported declarations and resolve all registered targets	2026-10-05T08:51:14.3756090Z    2713       13:00 00:25:37  197 2189248 5568496 Sl
nanoda	Check all exported declarations and resolve all registered targets	2026-10-05T08:51:14.3767723Z 141314 BecknerOnofri.HighDim.EntropyTail.HeatCertificate.Panels0074.e019190
nanoda	Check all exported declarations and resolve all registered targets	2026-10-05T08:51:14.3778078Z 141252 BecknerOnofri.HighDim.EntropyTail.ExpCertificate.Exp0074.accepted._proof_1_1
nanoda	Check all exported declarations and resolve all registered targets	2026-10-05T08:52:14.3805217Z Mon Oct  5 08:52:14 UTC 2026
nanoda	Check all exported declarations and resolve all registered targets	2026-10-05T08:52:14.3880812Z     PID     ELAPSED     TIME %CPU   RSS    VSZ STAT
nanoda	Check all exported declarations and resolve all registered targets	2026-10-05T08:52:14.3881361Z    2713       14:00 00:27:37  197 2704200 6217716 Sl
nanoda	Check all exported declarations and resolve all registered targets	2026-10-05T08:52:14.3894655Z 147982 BecknerOnofri.HighDim.EntropyTail.HeatCertificate.Panels0080.e020623
nanoda	Check all exported declarations and resolve all registered targets	2026-10-05T08:52:14.3905250Z 147500 BecknerOnofri.HighDim.EntropyTail.ExpCertificate.Exp0080.accepted._proof_1_1
nanoda	Check all exported declarations and resolve all registered targets	2026-10-05T08:53:14.3933098Z Mon Oct  5 08:53:14 UTC 2026
nanoda	Check all exported declarations and resolve all registered targets	2026-10-05T08:53:14.4008784Z     PID     ELAPSED     TIME %CPU   RSS    VSZ STAT
nanoda	Check all exported declarations and resolve all registered targets	2026-10-05T08:53:14.4011481Z    2713       15:00 00:29:37  197 3151940 7011320 Sl
nanoda	Check all exported declarations and resolve all registered targets	2026-10-05T08:53:14.4023975Z 154775 BecknerOnofri.HighDim.EntropyTail.HeatCertificate.Panels0086.weights_checked._proof_1_1
nanoda	Check all exported declarations and resolve all registered targets	2026-10-05T08:53:14.4034669Z 153740 BecknerOnofri.HighDim.EntropyTail.ExpCertificate.Exp0086.accepted._proof_1_1
nanoda	Check all exported declarations and resolve all registered targets	2026-10-05T08:54:14.4061839Z Mon Oct  5 08:54:14 UTC 2026
nanoda	Check all exported declarations and resolve all registered targets	2026-10-05T08:54:14.4135120Z     PID     ELAPSED     TIME %CPU   RSS    VSZ STAT
nanoda	Check all exported declarations and resolve all registered targets	2026-10-05T08:54:14.4135755Z    2713       16:00 00:31:37  197 3248592 7155708 Sl
nanoda	Check all exported declarations and resolve all registered targets	2026-10-05T08:54:14.4148175Z 161028 BecknerOnofri.HighDim.EntropyTail.ExpCertificate.Exp0093.accepted._proof_1_1
nanoda	Check all exported declarations and resolve all registered targets	2026-10-05T08:54:14.4161508Z 159988 BecknerOnofri.HighDim.EntropyTail.ExpCertificate.Exp0092.accepted._proof_1_1
nanoda	Check all exported declarations and resolve all registered targets	2026-10-05T08:55:14.4189105Z Mon Oct  5 08:55:14 UTC 2026
nanoda	Check all exported declarations and resolve all registered targets	2026-10-05T08:55:14.4269422Z     PID     ELAPSED     TIME %CPU   RSS    VSZ STAT
nanoda	Check all exported declarations and resolve all registered targets	2026-10-05T08:55:14.4270116Z    2713       17:00 00:33:37  197 2772292 6217716 Sl
nanoda	Check all exported declarations and resolve all registered targets	2026-10-05T08:55:14.4284696Z 167276 BecknerOnofri.HighDim.EntropyTail.ExpCertificate.Exp0099.accepted._proof_1_1
nanoda	Check all exported declarations and resolve all registered targets	2026-10-05T08:55:14.4296732Z 168269 BecknerOnofri.HighDim.EntropyTail.HeatCertificate.Panels0099.e025359._proof_3
nanoda	Check all exported declarations and resolve all registered targets	2026-10-05T08:56:14.4325039Z Mon Oct  5 08:56:14 UTC 2026
nanoda	Check all exported declarations and resolve all registered targets	2026-10-05T08:56:14.4401392Z     PID     ELAPSED     TIME %CPU   RSS    VSZ STAT
nanoda	Check all exported declarations and resolve all registered targets	2026-10-05T08:56:14.4403883Z    2713       18:00 00:35:37  197 2359524 5820400 Sl
nanoda	Check all exported declarations and resolve all registered targets	2026-10-05T08:56:14.4415523Z 174792 BecknerOnofri.HighDim.EntropyTail.HeatCertificate.Panels0106.e027328._proof_2
nanoda	Check all exported declarations and resolve all registered targets	2026-10-05T08:56:14.4426193Z 174564 BecknerOnofri.HighDim.EntropyTail.ExpCertificate.Exp0106.accepted._proof_1_1
nanoda	Check all exported declarations and resolve all registered targets	2026-10-05T08:57:14.4454067Z Mon Oct  5 08:57:14 UTC 2026
nanoda	Check all exported declarations and resolve all registered targets	2026-10-05T08:57:14.4530806Z     PID     ELAPSED     TIME %CPU   RSS    VSZ STAT
nanoda	Check all exported declarations and resolve all registered targets	2026-10-05T08:57:14.4531386Z    2713       19:00 00:37:37  197 2621360 6004728 Sl
nanoda	Check all exported declarations and resolve all registered targets	2026-10-05T08:57:14.4546074Z 181263 BecknerOnofri.HighDim.EntropyTail.HeatCertificate.Panels0112.e028808._proof_1
nanoda	Check all exported declarations and resolve all registered targets	2026-10-05T08:57:14.4556415Z 180812 BecknerOnofri.HighDim.EntropyTail.ExpCertificate.Exp0112.accepted._proof_1_1
nanoda	Check all exported declarations and resolve all registered targets	2026-10-05T08:58:14.4583686Z Mon Oct  5 08:58:14 UTC 2026
nanoda	Check all exported declarations and resolve all registered targets	2026-10-05T08:58:14.4659121Z     PID     ELAPSED     TIME %CPU   RSS    VSZ STAT
nanoda	Check all exported declarations and resolve all registered targets	2026-10-05T08:58:14.4659775Z    2713       20:00 00:39:37  198 2768020 6217716 Sl
nanoda	Check all exported declarations and resolve all registered targets	2026-10-05T08:58:14.4673114Z 187052 BecknerOnofri.HighDim.EntropyTail.ExpCertificate.Exp0118.accepted._proof_1_1
nanoda	Check all exported declarations and resolve all registered targets	2026-10-05T08:58:14.4683574Z 187956 BecknerOnofri.HighDim.EntropyTail.HeatCertificate.Panels0118.e030233._proof_2
nanoda	Check all exported declarations and resolve all registered targets	2026-10-05T08:59:14.4711882Z Mon Oct  5 08:59:14 UTC 2026
nanoda	Check all exported declarations and resolve all registered targets	2026-10-05T08:59:14.4787799Z     PID     ELAPSED     TIME %CPU   RSS    VSZ STAT
nanoda	Check all exported declarations and resolve all registered targets	2026-10-05T08:59:14.4790745Z    2713       21:00 00:41:37  198 2614420 6217716 Sl
nanoda	Check all exported declarations and resolve all registered targets	2026-10-05T08:59:14.4804480Z 193829 BecknerOnofri.HighDim.EntropyTail.HeatCertificate.Panels0124.e031867._proof_3
nanoda	Check all exported declarations and resolve all registered targets	2026-10-05T08:59:14.4815359Z 193300 BecknerOnofri.HighDim.EntropyTail.ExpCertificate.Exp0124.accepted._proof_1_1
nanoda	Check all exported declarations and resolve all registered targets	2026-10-05T09:00:14.4843558Z Mon Oct  5 09:00:14 UTC 2026
nanoda	Check all exported declarations and resolve all registered targets	2026-10-05T09:00:14.4922330Z     PID     ELAPSED     TIME %CPU   RSS    VSZ STAT
nanoda	Check all exported declarations and resolve all registered targets	2026-10-05T09:00:14.4922985Z    2713       22:00 00:43:37  198 2174008 5531628 Sl
nanoda	Check all exported declarations and resolve all registered targets	2026-10-05T09:00:14.4937967Z 199612 BecknerOnofri.HighDim.EntropyTail.HeatCertificate.Panels0130.e033527._proof_2
nanoda	Check all exported declarations and resolve all registered targets	2026-10-05T09:00:14.4949440Z 199548 BecknerOnofri.HighDim.EntropyTail.ExpCertificate.Exp0130.accepted._proof_1_1
nanoda	Check all exported declarations and resolve all registered targets	2026-10-05T09:01:14.4977243Z Mon Oct  5 09:01:14 UTC 2026
nanoda	Check all exported declarations and resolve all registered targets	2026-10-05T09:01:14.5052414Z     PID     ELAPSED     TIME %CPU   RSS    VSZ STAT
nanoda	Check all exported declarations and resolve all registered targets	2026-10-05T09:01:14.5055115Z    2713       23:00 00:45:37  198 3174844 7011320 Sl
nanoda	Check all exported declarations and resolve all registered targets	2026-10-05T09:01:14.5069108Z 204748 BecknerOnofri.HighDim.EntropyTail.ExpCertificate.Exp0135.accepted._proof_1_1
nanoda	Check all exported declarations and resolve all registered targets	2026-10-05T09:01:14.5080749Z 205796 BecknerOnofri.HighDim.EntropyTail.ExpCertificate.Exp0136.accepted._proof_1_1
nanoda	Check all exported declarations and resolve all registered targets	2026-10-05T09:02:14.5108768Z Mon Oct  5 09:02:14 UTC 2026
nanoda	Check all exported declarations and resolve all registered targets	2026-10-05T09:02:14.5184528Z     PID     ELAPSED     TIME %CPU   RSS    VSZ STAT
nanoda	Check all exported declarations and resolve all registered targets	2026-10-05T09:02:14.5185174Z    2713       24:00 00:47:37  198 2308012 5640176 Sl
nanoda	Check all exported declarations and resolve all registered targets	2026-10-05T09:02:14.5201484Z 212116 BecknerOnofri.HighDim.EntropyTail.HeatCertificate.Panels0142.e036587._proof_2
nanoda	Check all exported declarations and resolve all registered targets	2026-10-05T09:02:14.5212656Z 212036 BecknerOnofri.HighDim.EntropyTail.ExpCertificate.Exp0142.accepted._proof_1_1
nanoda	Check all exported declarations and resolve all registered targets	2026-10-05T09:03:14.5240262Z Mon Oct  5 09:03:14 UTC 2026
nanoda	Check all exported declarations and resolve all registered targets	2026-10-05T09:03:14.5316189Z     PID     ELAPSED     TIME %CPU   RSS    VSZ STAT
nanoda	Check all exported declarations and resolve all registered targets	2026-10-05T09:03:14.5321646Z    2713       25:00 00:49:37  198 2791864 6217716 Sl
nanoda	Check all exported declarations and resolve all registered targets	2026-10-05T09:03:14.5330156Z 218113 BecknerOnofri.HighDim.EntropyTail.ExpCertificate.Exp0147.accepted._proof_1_1
nanoda	Check all exported declarations and resolve all registered targets	2026-10-05T09:03:14.5341303Z 218417 BecknerOnofri.HighDim.EntropyTail.HeatCertificate.Panels0147.e037811._proof_2
nanoda	Check all exported declarations and resolve all registered targets	2026-10-05T09:04:14.5369134Z Mon Oct  5 09:04:14 UTC 2026
nanoda	Check all exported declarations and resolve all registered targets	2026-10-05T09:04:14.5442754Z     PID     ELAPSED     TIME %CPU   RSS    VSZ STAT
nanoda	Check all exported declarations and resolve all registered targets	2026-10-05T09:04:14.5443336Z    2713       26:00 00:51:37  198 2616396 6004728 Sl
nanoda	Check all exported declarations and resolve all registered targets	2026-10-05T09:04:14.5456741Z 225789 BecknerOnofri.HighDim.EntropyTail.HeatCertificate.Panels0150.e040349
nanoda	Check all exported declarations and resolve all registered targets	2026-10-05T09:04:14.5467381Z 225411 BecknerOnofri.HighDim.EntropyTail.ExpCertificate.Exp0157.accepted._proof_1_1
nanoda	Check all exported declarations and resolve all registered targets	2026-10-05T09:05:14.5494436Z Mon Oct  5 09:05:14 UTC 2026
nanoda	Check all exported declarations and resolve all registered targets	2026-10-05T09:05:14.5567873Z     PID     ELAPSED     TIME %CPU   RSS    VSZ STAT
nanoda	Check all exported declarations and resolve all registered targets	2026-10-05T09:05:14.5570592Z    2713       27:00 00:53:37  198 3140684 6549496 Sl
nanoda	Check all exported declarations and resolve all registered targets	2026-10-05T09:05:14.5583888Z 233132 BecknerOnofri.HighDim.EntropyTail.HeatCertificate.Panels0152.e041594._proof_1
nanoda	Check all exported declarations and resolve all registered targets	2026-10-05T09:05:14.5593168Z 232481 BecknerOnofri.HighDim.EntropyTail.ExpCertificate.Exp0162.accepted._proof_1_1
nanoda	Check all exported declarations and resolve all registered targets	2026-10-05T09:06:14.5620539Z Mon Oct  5 09:06:14 UTC 2026
nanoda	Check all exported declarations and resolve all registered targets	2026-10-05T09:06:14.5693620Z     PID     ELAPSED     TIME %CPU   RSS    VSZ STAT
nanoda	Check all exported declarations and resolve all registered targets	2026-10-05T09:06:14.5694278Z    2713       28:00 00:55:37  198 3152320 7011320 Sl
nanoda	Check all exported declarations and resolve all registered targets	2026-10-05T09:06:14.5708261Z 240904 BecknerOnofri.HighDim.EntropyTail.ExpCertificate.Exp0172.accepted._proof_1_1
nanoda	Check all exported declarations and resolve all registered targets	2026-10-05T09:06:14.5718347Z 239735 BecknerOnofri.HighDim.EntropyTail.ExpCertificate.Exp0167.accepted._proof_1_1
nanoda	Check all exported declarations and resolve all registered targets	2026-10-05T09:07:14.5745398Z Mon Oct  5 09:07:14 UTC 2026
nanoda	Check all exported declarations and resolve all registered targets	2026-10-05T09:07:14.5824578Z     PID     ELAPSED     TIME %CPU   RSS    VSZ STAT
nanoda	Check all exported declarations and resolve all registered targets	2026-10-05T09:07:14.5831229Z    2713       29:00 00:57:37  198 2955416 6397948 Sl
nanoda	Check all exported declarations and resolve all registered targets	2026-10-05T09:07:14.5840501Z 247966 BecknerOnofri.HighDim.EntropyTail.ExpCertificate.Exp0177.accepted._proof_1_1
nanoda	Check all exported declarations and resolve all registered targets	2026-10-05T09:07:14.5852462Z 247098 BecknerOnofri.HighDim.EntropyTail.ExpCertificate.Exp0178.accepted._proof_1_1
nanoda	Check all exported declarations and resolve all registered targets	2026-10-05T09:08:14.5880356Z Mon Oct  5 09:08:14 UTC 2026
nanoda	Check all exported declarations and resolve all registered targets	2026-10-05T09:08:14.5954797Z     PID     ELAPSED     TIME %CPU   RSS    VSZ STAT
nanoda	Check all exported declarations and resolve all registered targets	2026-10-05T09:08:14.5955385Z    2713       30:00 00:59:37  198 2919408 6254580 Sl
nanoda	Check all exported declarations and resolve all registered targets	2026-10-05T09:08:14.5969122Z 254750 BecknerOnofri.HighDim.EntropyTail.HeatCertificate.Panels0159.e046954
nanoda	Check all exported declarations and resolve all registered targets	2026-10-05T09:08:14.5979197Z 254160 BecknerOnofri.HighDim.EntropyTail.ExpCertificate.Exp0183.accepted._proof_1_1
nanoda	Check all exported declarations and resolve all registered targets	2026-10-05T09:09:14.6006238Z Mon Oct  5 09:09:14 UTC 2026
nanoda	Check all exported declarations and resolve all registered targets	2026-10-05T09:09:14.6081033Z     PID     ELAPSED     TIME %CPU   RSS    VSZ STAT
nanoda	Check all exported declarations and resolve all registered targets	2026-10-05T09:09:14.6083362Z    2713       31:00 01:01:37  198 2986316 6326264 Sl
nanoda	Check all exported declarations and resolve all registered targets	2026-10-05T09:09:14.6094860Z 261422 BecknerOnofri.HighDim.EntropyTail.ExpCertificate.Exp0188.accepted._proof_1_1
nanoda	Check all exported declarations and resolve all registered targets	2026-10-05T09:09:14.6105688Z 262586 BecknerOnofri.HighDim.EntropyTail.HeatCertificate.Panels0161.weights_checked._proof_1_1
nanoda	Check all exported declarations and resolve all registered targets	2026-10-05T09:10:14.6132546Z Mon Oct  5 09:10:14 UTC 2026
nanoda	Check all exported declarations and resolve all registered targets	2026-10-05T09:10:14.6207998Z     PID     ELAPSED     TIME %CPU   RSS    VSZ STAT
nanoda	Check all exported declarations and resolve all registered targets	2026-10-05T09:10:14.6208819Z    2713       32:00 01:03:37  198 2742256 6217716 Sl
nanoda	Check all exported declarations and resolve all registered targets	2026-10-05T09:10:14.6221178Z 269653 BecknerOnofri.HighDim.EntropyTail.ExpCertificate.Exp0198.accepted._proof_1_1
nanoda	Check all exported declarations and resolve all registered targets	2026-10-05T09:10:14.6231622Z 269796 BecknerOnofri.HighDim.EntropyTail.HeatCertificate.Panels0164.e050923._proof_1
nanoda	Check all exported declarations and resolve all registered targets	2026-10-05T09:11:14.6259093Z Mon Oct  5 09:11:14 UTC 2026
nanoda	Check all exported declarations and resolve all registered targets	2026-10-05T09:11:14.6339263Z     PID     ELAPSED     TIME %CPU   RSS    VSZ STAT
nanoda	Check all exported declarations and resolve all registered targets	2026-10-05T09:11:14.6341954Z    2713       33:00 01:05:37  198 2824016 6217716 Sl
nanoda	Check all exported declarations and resolve all registered targets	2026-10-05T09:11:14.6354067Z 277956 BecknerOnofri.HighDim.EntropyTail.HeatCertificate.Panels0166.e051989._proof_3
nanoda	Check all exported declarations and resolve all registered targets	2026-10-05T09:11:14.6365335Z 276907 BecknerOnofri.HighDim.EntropyTail.ExpCertificate.Exp0203.accepted._proof_1_1
nanoda	Check all exported declarations and resolve all registered targets	2026-10-05T09:12:14.6394261Z Mon Oct  5 09:12:14 UTC 2026
nanoda	Check all exported declarations and resolve all registered targets	2026-10-05T09:12:14.6473084Z     PID     ELAPSED     TIME %CPU   RSS    VSZ STAT
nanoda	Check all exported declarations and resolve all registered targets	2026-10-05T09:12:14.6473673Z    2713       34:00 01:07:37  198 2705904 6217716 Sl
nanoda	Check all exported declarations and resolve all registered targets	2026-10-05T09:12:14.6489773Z 284278 BecknerOnofri.HighDim.EntropyTail.ExpCertificate.Exp0214.accepted._proof_1_1
nanoda	Check all exported declarations and resolve all registered targets	2026-10-05T09:12:14.6503480Z 284983 BecknerOnofri.HighDim.EntropyTail.HeatCertificate.Panels0169.e054831._proof_3
nanoda	Check all exported declarations and resolve all registered targets	2026-10-05T09:13:14.6532722Z Mon Oct  5 09:13:14 UTC 2026
nanoda	Check all exported declarations and resolve all registered targets	2026-10-05T09:13:14.6610619Z     PID     ELAPSED     TIME %CPU   RSS    VSZ STAT
nanoda	Check all exported declarations and resolve all registered targets	2026-10-05T09:13:14.6613471Z    2713       35:00 01:09:37  198 3639080 7520260 Sl
nanoda	Check all exported declarations and resolve all registered targets	2026-10-05T09:13:14.6627249Z 291340 BecknerOnofri.HighDim.EntropyTail.ExpCertificate.Exp0219.accepted._proof_1_1
nanoda	Check all exported declarations and resolve all registered targets	2026-10-05T09:13:14.6641425Z 290472 BecknerOnofri.HighDim.EntropyTail.ExpCertificate.Exp0220.accepted._proof_1_1
nanoda	Check all exported declarations and resolve all registered targets	2026-10-05T09:14:14.6670184Z Mon Oct  5 09:14:14 UTC 2026
nanoda	Check all exported declarations and resolve all registered targets	2026-10-05T09:14:14.6749429Z     PID     ELAPSED     TIME %CPU   RSS    VSZ STAT
nanoda	Check all exported declarations and resolve all registered targets	2026-10-05T09:14:14.6753972Z    2713       36:00 01:11:37  198 2070952 5459944 Sl
nanoda	Check all exported declarations and resolve all registered targets	2026-10-05T09:14:14.6779897Z 298510 BecknerOnofri.HighDim.EntropyTail.HeatCertificate.Panels0173.e057611._proof_2
nanoda	Check all exported declarations and resolve all registered targets	2026-10-05T09:14:14.6785739Z 298511 BecknerOnofri.HighDim.EntropyTail.HeatCertificate.Panels0173.e057611._proof_3
nanoda	Check all exported declarations and resolve all registered targets	2026-10-05T09:15:14.6807194Z Mon Oct  5 09:15:14 UTC 2026
nanoda	Check all exported declarations and resolve all registered targets	2026-10-05T09:15:14.6885410Z     PID     ELAPSED     TIME %CPU   RSS    VSZ STAT
nanoda	Check all exported declarations and resolve all registered targets	2026-10-05T09:15:14.6886103Z    2713       37:00 01:13:37  198 2663160 6217716 Sl
nanoda	Check all exported declarations and resolve all registered targets	2026-10-05T09:15:14.6902257Z 305426 BecknerOnofri.HighDim.EntropyTail.HeatCertificate.Panels0175.e058990
nanoda	Check all exported declarations and resolve all registered targets	2026-10-05T09:15:14.6917513Z 304788 BecknerOnofri.HighDim.EntropyTail.ExpCertificate.Exp0230.accepted._proof_1_1
nanoda	Check all exported declarations and resolve all registered targets	2026-10-05T09:16:14.6944128Z Mon Oct  5 09:16:14 UTC 2026
nanoda	Check all exported declarations and resolve all registered targets	2026-10-05T09:16:14.7022629Z     PID     ELAPSED     TIME %CPU   RSS    VSZ STAT
nanoda	Check all exported declarations and resolve all registered targets	2026-10-05T09:16:14.7023301Z    2713       38:00 01:15:37  198 2843384 6217716 Sl
nanoda	Check all exported declarations and resolve all registered targets	2026-10-05T09:16:14.7039174Z 312061 BecknerOnofri.HighDim.EntropyTail.HeatCertificate.Panels0177.e060394
nanoda	Check all exported declarations and resolve all registered targets	2026-10-05T09:16:14.7051771Z 310990 BecknerOnofri.HighDim.EntropyTail.ExpCertificate.Exp0236.accepted._proof_1_1
nanoda	Check all exported declarations and resolve all registered targets	2026-10-05T09:17:14.7079959Z Mon Oct  5 09:17:14 UTC 2026
nanoda	Check all exported declarations and resolve all registered targets	2026-10-05T09:17:14.7154997Z     PID     ELAPSED     TIME %CPU   RSS    VSZ STAT
nanoda	Check all exported declarations and resolve all registered targets	2026-10-05T09:17:14.7161921Z    2713       39:00 01:17:37  198 2946296 6326264 Sl
nanoda	Check all exported declarations and resolve all registered targets	2026-10-05T09:17:14.7174548Z 317184 BecknerOnofri.HighDim.EntropyTail.ExpCertificate.Exp0242.accepted._proof_1_1
nanoda	Check all exported declarations and resolve all registered targets	2026-10-05T09:17:14.7192150Z 318342 BecknerOnofri.HighDim.EntropyTail.HeatCertificate.Panels0179.accepted._proof_1_1
nanoda	Check all exported declarations and resolve all registered targets	2026-10-05T09:18:14.7207251Z Mon Oct  5 09:18:14 UTC 2026
nanoda	Check all exported declarations and resolve all registered targets	2026-10-05T09:18:14.7283087Z     PID     ELAPSED     TIME %CPU   RSS    VSZ STAT
nanoda	Check all exported declarations and resolve all registered targets	2026-10-05T09:18:14.7283667Z    2713       40:00 01:19:37  199 2411156 5820400 Sl
nanoda	Check all exported declarations and resolve all registered targets	2026-10-05T09:18:14.7300620Z 324869 BecknerOnofri.HighDim.EntropyTail.HeatCertificate.Panels0182.e064911
nanoda	Check all exported declarations and resolve all registered targets	2026-10-05T09:18:14.7312600Z 324547 BecknerOnofri.HighDim.EntropyTail.ExpCertificate.Exp0253.accepted._proof_1_1
nanoda	Check all exported declarations and resolve all registered targets	2026-10-05T09:19:14.7341025Z Mon Oct  5 09:19:14 UTC 2026
nanoda	Check all exported declarations and resolve all registered targets	2026-10-05T09:19:14.7416968Z     PID     ELAPSED     TIME %CPU   RSS    VSZ STAT
nanoda	Check all exported declarations and resolve all registered targets	2026-10-05T09:19:14.7420147Z    2713       41:00 01:21:37  199 2678340 6217716 Sl
nanoda	Check all exported declarations and resolve all registered targets	2026-10-05T09:19:14.7433996Z 330749 BecknerOnofri.HighDim.EntropyTail.ExpCertificate.Exp0259.accepted._proof_1_1
nanoda	Check all exported declarations and resolve all registered targets	2026-10-05T09:19:14.7445475Z 331421 BecknerOnofri.HighDim.EntropyTail.HeatCertificate.Panels0184.e066391._proof_2
nanoda	Check all exported declarations and resolve all registered targets	2026-10-05T09:20:14.7474785Z Mon Oct  5 09:20:14 UTC 2026
nanoda	Check all exported declarations and resolve all registered targets	2026-10-05T09:20:14.7559024Z     PID     ELAPSED     TIME %CPU   RSS    VSZ STAT
nanoda	Check all exported declarations and resolve all registered targets	2026-10-05T09:20:14.7571345Z    2713       42:00 01:23:37  199 3449296 7335932 Sl
nanoda	Check all exported declarations and resolve all registered targets	2026-10-05T09:20:14.7592472Z 337811 BecknerOnofri.HighDim.EntropyTail.ExpCertificate.Exp0264.accepted._proof_1_1
nanoda	Check all exported declarations and resolve all registered targets	2026-10-05T09:20:14.7601678Z 336943 BecknerOnofri.HighDim.EntropyTail.ExpCertificate.Exp0265.accepted._proof_1_1
nanoda	Check all exported declarations and resolve all registered targets	2026-10-05T09:21:14.7632179Z Mon Oct  5 09:21:14 UTC 2026
nanoda	Check all exported declarations and resolve all registered targets	2026-10-05T09:21:14.7709533Z     PID     ELAPSED     TIME %CPU   RSS    VSZ STAT
nanoda	Check all exported declarations and resolve all registered targets	2026-10-05T09:21:14.7712138Z    2713       43:00 01:25:37  199 2639444 6217716 Sl
nanoda	Check all exported declarations and resolve all registered targets	2026-10-05T09:21:14.7725108Z 344005 BecknerOnofri.HighDim.EntropyTail.ExpCertificate.Exp0270.accepted._proof_1_1
nanoda	Check all exported declarations and resolve all registered targets	2026-10-05T09:21:14.7736793Z 344146 BecknerOnofri.HighDim.EntropyTail.HeatCertificate.Panels0188.e069354._proof_3
nanoda	Check all exported declarations and resolve all registered targets	2026-10-05T09:22:14.7765970Z Mon Oct  5 09:22:14 UTC 2026
nanoda	Check all exported declarations and resolve all registered targets	2026-10-05T09:22:14.7847703Z     PID     ELAPSED     TIME %CPU   RSS    VSZ STAT
nanoda	Check all exported declarations and resolve all registered targets	2026-10-05T09:22:14.7850627Z    2713       44:00 01:27:37  199 2858256 6217716 Sl
nanoda	Check all exported declarations and resolve all registered targets	2026-10-05T09:22:14.7865162Z 350199 BecknerOnofri.HighDim.EntropyTail.ExpCertificate.Exp0276.accepted._proof_1_1
nanoda	Check all exported declarations and resolve all registered targets	2026-10-05T09:22:14.7877894Z 350862 BecknerOnofri.HighDim.EntropyTail.HeatCertificate.Panels0190.e070781._proof_1
nanoda	Check all exported declarations and resolve all registered targets	2026-10-05T09:23:14.7907114Z Mon Oct  5 09:23:14 UTC 2026
nanoda	Check all exported declarations and resolve all registered targets	2026-10-05T09:23:14.7982316Z     PID     ELAPSED     TIME %CPU   RSS    VSZ STAT
nanoda	Check all exported declarations and resolve all registered targets	2026-10-05T09:23:14.7985204Z    2713       45:00 01:29:37  199 2400396 5820400 Sl
nanoda	Check all exported declarations and resolve all registered targets	2026-10-05T09:23:14.7998640Z 357461 BecknerOnofri.HighDim.EntropyTail.ExpCertificate.Exp0281.accepted._proof_1_1
nanoda	Check all exported declarations and resolve all registered targets	2026-10-05T09:23:14.8009601Z 357760 BecknerOnofri.HighDim.EntropyTail.HeatCertificate.Panels0192.e072106._proof_1
nanoda	Check all exported declarations and resolve all registered targets	2026-10-05T09:24:14.8036992Z Mon Oct  5 09:24:14 UTC 2026
nanoda	Check all exported declarations and resolve all registered targets	2026-10-05T09:24:14.8111443Z     PID     ELAPSED     TIME %CPU   RSS    VSZ STAT
nanoda	Check all exported declarations and resolve all registered targets	2026-10-05T09:24:14.8114154Z    2713       46:00 01:31:37  199 2839108 6217716 Sl
nanoda	Check all exported declarations and resolve all registered targets	2026-10-05T09:24:14.8125409Z 363655 BecknerOnofri.HighDim.EntropyTail.ExpCertificate.Exp0287.accepted._proof_1_1
nanoda	Check all exported declarations and resolve all registered targets	2026-10-05T09:24:14.8135837Z 364813 BecknerOnofri.HighDim.EntropyTail.HeatCertificate.Panels0194.accepted._proof_1_1
nanoda	Check all exported declarations and resolve all registered targets	2026-10-05T09:25:14.8162741Z Mon Oct  5 09:25:14 UTC 2026
nanoda	Check all exported declarations and resolve all registered targets	2026-10-05T09:25:14.8237893Z     PID     ELAPSED     TIME %CPU   RSS    VSZ STAT
nanoda	Check all exported declarations and resolve all registered targets	2026-10-05T09:25:14.8238432Z    2713       47:00 01:33:37  199 2706320 6217716 Sl
nanoda	Check all exported declarations and resolve all registered targets	2026-10-05T09:25:14.8251372Z 371018 BecknerOnofri.HighDim.EntropyTail.ExpCertificate.Exp0298.accepted._proof_1_1
nanoda	Check all exported declarations and resolve all registered targets	2026-10-05T09:25:14.8261523Z 371845 BecknerOnofri.HighDim.EntropyTail.HeatCertificate.Panels0197.e076318._proof_1
nanoda	Check all exported declarations and resolve all registered targets	2026-10-05T09:26:14.8289206Z Mon Oct  5 09:26:14 UTC 2026
nanoda	Check all exported declarations and resolve all registered targets	2026-10-05T09:26:14.8365708Z     PID     ELAPSED     TIME %CPU   RSS    VSZ STAT
nanoda	Check all exported declarations and resolve all registered targets	2026-10-05T09:26:14.8366352Z    2713       48:00 01:35:37  199 2684308 6217716 Sl
nanoda	Check all exported declarations and resolve all registered targets	2026-10-05T09:26:14.8380778Z 378176 BecknerOnofri.HighDim.EntropyTail.HeatCertificate.Panels0199.e077839._proof_2
nanoda	Check all exported declarations and resolve all registered targets	2026-10-05T09:26:14.8392278Z 378080 BecknerOnofri.HighDim.EntropyTail.ExpCertificate.Exp0303.accepted._proof_1_1
nanoda	Check all exported declarations and resolve all registered targets	2026-10-05T09:27:14.8419335Z Mon Oct  5 09:27:14 UTC 2026
nanoda	Check all exported declarations and resolve all registered targets	2026-10-05T09:27:14.8493095Z     PID     ELAPSED     TIME %CPU   RSS    VSZ STAT
nanoda	Check all exported declarations and resolve all registered targets	2026-10-05T09:27:14.8494145Z    2713       49:00 01:37:37  199 2890484 6289400 Sl
nanoda	Check all exported declarations and resolve all registered targets	2026-10-05T09:27:14.8505629Z 385342 BecknerOnofri.HighDim.EntropyTail.ExpCertificate.Exp0308.accepted._proof_1_1
nanoda	Check all exported declarations and resolve all registered targets	2026-10-05T09:27:14.8515659Z 386500 BecknerOnofri.HighDim.EntropyTail.HeatCertificate.Panels0201.accepted._proof_1_1
nanoda	Check all exported declarations and resolve all registered targets	2026-10-05T09:28:14.8544230Z Mon Oct  5 09:28:14 UTC 2026
nanoda	Check all exported declarations and resolve all registered targets	2026-10-05T09:28:14.8624534Z     PID     ELAPSED     TIME %CPU   RSS    VSZ STAT
nanoda	Check all exported declarations and resolve all registered targets	2026-10-05T09:28:14.8626980Z    2713       50:00 01:39:37  199 3087232 6578172 Sl
nanoda	Check all exported declarations and resolve all registered targets	2026-10-05T09:28:14.8639420Z 392705 BecknerOnofri.HighDim.EntropyTail.ExpCertificate.Exp0319.accepted._proof_1_1
nanoda	Check all exported declarations and resolve all registered targets	2026-10-05T09:28:14.8652995Z 393573 BecknerOnofri.HighDim.EntropyTail.ExpCertificate.Exp0318.accepted._proof_1_1
nanoda	Check all exported declarations and resolve all registered targets	2026-10-05T09:29:14.8678853Z Mon Oct  5 09:29:14 UTC 2026
nanoda	Check all exported declarations and resolve all registered targets	2026-10-05T09:29:14.8753090Z     PID     ELAPSED     TIME %CPU   RSS    VSZ STAT
nanoda	Check all exported declarations and resolve all registered targets	2026-10-05T09:29:14.8753631Z    2713       51:00 01:41:37  199 3152360 6975476 Sl
nanoda	Check all exported declarations and resolve all registered targets	2026-10-05T09:29:14.8766591Z 400644 BecknerOnofri.HighDim.EntropyTail.HeatCertificate.Panels0206.e082978._proof_3
nanoda	Check all exported declarations and resolve all registered targets	2026-10-05T09:29:14.8778301Z 399767 BecknerOnofri.HighDim.EntropyTail.ExpCertificate.Exp0324.accepted._proof_1_1
nanoda	Check all exported declarations and resolve all registered targets	2026-10-05T09:30:14.8806641Z Mon Oct  5 09:30:14 UTC 2026
nanoda	Check all exported declarations and resolve all registered targets	2026-10-05T09:30:14.8887941Z     PID     ELAPSED     TIME %CPU   RSS    VSZ STAT
nanoda	Check all exported declarations and resolve all registered targets	2026-10-05T09:30:14.8888864Z    2713       52:00 01:43:37  199 2669908 6217716 Sl
nanoda	Check all exported declarations and resolve all registered targets	2026-10-05T09:30:14.8905733Z 407802 BecknerOnofri.HighDim.EntropyTail.HeatCertificate.Panels0208.e084272._proof_3
nanoda	Check all exported declarations and resolve all registered targets	2026-10-05T09:30:14.8919847Z 407029 BecknerOnofri.HighDim.EntropyTail.ExpCertificate.Exp0329.accepted._proof_1_1
nanoda	Check all exported declarations and resolve all registered targets	2026-10-05T09:31:14.8949166Z Mon Oct  5 09:31:14 UTC 2026
nanoda	Check all exported declarations and resolve all registered targets	2026-10-05T09:31:14.9025224Z     PID     ELAPSED     TIME %CPU   RSS    VSZ STAT
nanoda	Check all exported declarations and resolve all registered targets	2026-10-05T09:31:14.9025782Z    2713       53:00 01:45:37  199 2311660 5713908 Sl
nanoda	Check all exported declarations and resolve all registered targets	2026-10-05T09:31:14.9039795Z 414515 BecknerOnofri.HighDim.EntropyTail.HeatCertificate.Panels0211.e087230._proof_1
nanoda	Check all exported declarations and resolve all registered targets	2026-10-05T09:31:14.9050808Z 414392 BecknerOnofri.HighDim.EntropyTail.ExpCertificate.Exp0340.accepted._proof_1_1
nanoda	Check all exported declarations and resolve all registered targets	2026-10-05T09:32:14.9079192Z Mon Oct  5 09:32:14 UTC 2026
nanoda	Check all exported declarations and resolve all registered targets	2026-10-05T09:32:14.9158237Z     PID     ELAPSED     TIME %CPU   RSS    VSZ STAT
nanoda	Check all exported declarations and resolve all registered targets	2026-10-05T09:32:14.9158937Z    2713       54:00 01:47:37  199 3159364 6578172 Sl
nanoda	Check all exported declarations and resolve all registered targets	2026-10-05T09:32:14.9172474Z 420586 BecknerOnofri.HighDim.EntropyTail.ExpCertificate.Exp0346.accepted._proof_1_1
nanoda	Check all exported declarations and resolve all registered targets	2026-10-05T09:32:14.9183796Z 421454 BecknerOnofri.HighDim.EntropyTail.ExpCertificate.Exp0345.accepted._proof_1_1
nanoda	Check all exported declarations and resolve all registered targets	2026-10-05T09:33:14.9213195Z Mon Oct  5 09:33:14 UTC 2026
nanoda	Check all exported declarations and resolve all registered targets	2026-10-05T09:33:14.9290911Z     PID     ELAPSED     TIME %CPU   RSS    VSZ STAT
nanoda	Check all exported declarations and resolve all registered targets	2026-10-05T09:33:14.9291551Z    2713       55:00 01:49:37  199 2724172 6217716 Sl
nanoda	Check all exported declarations and resolve all registered targets	2026-10-05T09:33:14.9305123Z 427648 BecknerOnofri.HighDim.EntropyTail.ExpCertificate.Exp0351.accepted._proof_1_1
nanoda	Check all exported declarations and resolve all registered targets	2026-10-05T09:33:14.9316950Z 427814 BecknerOnofri.HighDim.EntropyTail.HeatCertificate.Panels0215.e090096
nanoda	Check all exported declarations and resolve all registered targets	2026-10-05T09:34:14.9345501Z Mon Oct  5 09:34:14 UTC 2026
nanoda	Check all exported declarations and resolve all registered targets	2026-10-05T09:34:14.9423407Z     PID     ELAPSED     TIME %CPU   RSS    VSZ STAT
nanoda	Check all exported declarations and resolve all registered targets	2026-10-05T09:34:14.9423976Z    2713       56:00 01:51:37  199 2324852 5713908 Sl
nanoda	Check all exported declarations and resolve all registered targets	2026-10-05T09:34:14.9438329Z 435064 BecknerOnofri.HighDim.EntropyTail.HeatCertificate.Panels0217.e091365
nanoda	Check all exported declarations and resolve all registered targets	2026-10-05T09:34:14.9451046Z 434910 BecknerOnofri.HighDim.EntropyTail.ExpCertificate.Exp0356.accepted._proof_1_1
nanoda	Check all exported declarations and resolve all registered targets	2026-10-05T09:35:14.9478821Z Mon Oct  5 09:35:14 UTC 2026
nanoda	Check all exported declarations and resolve all registered targets	2026-10-05T09:35:14.9551090Z     PID     ELAPSED     TIME %CPU   RSS    VSZ STAT
nanoda	Check all exported declarations and resolve all registered targets	2026-10-05T09:35:14.9553842Z    2713       57:00 01:53:37  199 3333644 6658048 Sl
nanoda	Check all exported declarations and resolve all registered targets	2026-10-05T09:35:14.9564481Z 442268 BecknerOnofri.HighDim.EntropyTail.HeatCertificate.Panels0219.weights_checked._proof_1_1
nanoda	Check all exported declarations and resolve all registered targets	2026-10-05T09:35:14.9576555Z 441104 BecknerOnofri.HighDim.EntropyTail.ExpCertificate.Exp0362.accepted._proof_1_1
nanoda	Check all exported declarations and resolve all registered targets	2026-10-05T09:36:14.9603511Z Mon Oct  5 09:36:14 UTC 2026
nanoda	Check all exported declarations and resolve all registered targets	2026-10-05T09:36:14.9678490Z     PID     ELAPSED     TIME %CPU   RSS    VSZ STAT
nanoda	Check all exported declarations and resolve all registered targets	2026-10-05T09:36:14.9679196Z    2713       58:00 01:55:37  199 3484016 7372800 Sl
nanoda	Check all exported declarations and resolve all registered targets	2026-10-05T09:36:14.9693274Z 449335 BecknerOnofri.HighDim.EntropyTail.ExpCertificate.Exp0372.accepted._proof_1_1
nanoda	Check all exported declarations and resolve all registered targets	2026-10-05T09:36:14.9704762Z 448467 BecknerOnofri.HighDim.EntropyTail.ExpCertificate.Exp0373.accepted._proof_1_1
nanoda	Check all exported declarations and resolve all registered targets	2026-10-05T09:37:14.9733114Z Mon Oct  5 09:37:14 UTC 2026
nanoda	Check all exported declarations and resolve all registered targets	2026-10-05T09:37:14.9809006Z     PID     ELAPSED     TIME %CPU   RSS    VSZ STAT
nanoda	Check all exported declarations and resolve all registered targets	2026-10-05T09:37:14.9811797Z    2713       59:00 01:57:37  199 2790860 6217716 Sl
nanoda	Check all exported declarations and resolve all registered targets	2026-10-05T09:37:14.9823849Z 456597 BecknerOnofri.HighDim.EntropyTail.ExpCertificate.Exp0377.accepted._proof_1_1
nanoda	Check all exported declarations and resolve all registered targets	2026-10-05T09:37:14.9834644Z 457688 BecknerOnofri.HighDim.EntropyTail.HeatCertificate.Panels0224.e096495
nanoda	Check all exported declarations and resolve all registered targets	2026-10-05T09:38:14.9862439Z Mon Oct  5 09:38:14 UTC 2026
nanoda	Check all exported declarations and resolve all registered targets	2026-10-05T09:38:14.9935650Z     PID     ELAPSED     TIME %CPU   RSS    VSZ STAT
nanoda	Check all exported declarations and resolve all registered targets	2026-10-05T09:38:14.9936257Z    2713    01:00:00 01:59:37  199 2961672 6397948 Sl
nanoda	Check all exported declarations and resolve all registered targets	2026-10-05T09:38:14.9948835Z 463960 BecknerOnofri.HighDim.EntropyTail.ExpCertificate.Exp0388.accepted._proof_1_1
nanoda	Check all exported declarations and resolve all registered targets	2026-10-05T09:38:14.9959847Z 464828 BecknerOnofri.HighDim.EntropyTail.ExpCertificate.Exp0387.accepted._proof_1_1
nanoda	Check all exported declarations and resolve all registered targets	2026-10-05T09:39:14.9987287Z Mon Oct  5 09:39:14 UTC 2026
nanoda	Check all exported declarations and resolve all registered targets	2026-10-05T09:39:15.0062756Z     PID     ELAPSED     TIME %CPU   RSS    VSZ STAT
nanoda	Check all exported declarations and resolve all registered targets	2026-10-05T09:39:15.0065349Z    2713    01:01:00 02:01:37  199 2259240 5640176 Sl
nanoda	Check all exported declarations and resolve all registered targets	2026-10-05T09:39:15.0076535Z 472082 BecknerOnofri.HighDim.EntropyTail.ExpCertificate.Exp0392.accepted._proof_1_1
nanoda	Check all exported declarations and resolve all registered targets	2026-10-05T09:39:15.0086979Z 472264 BecknerOnofri.HighDim.EntropyTail.HeatCertificate.Panels0229.e100588
nanoda	Check all exported declarations and resolve all registered targets	2026-10-05T09:40:15.0114255Z Mon Oct  5 09:40:15 UTC 2026
nanoda	Check all exported declarations and resolve all registered targets	2026-10-05T09:40:15.0190452Z     PID     ELAPSED     TIME %CPU   RSS    VSZ STAT
nanoda	Check all exported declarations and resolve all registered targets	2026-10-05T09:40:15.0191004Z    2713    01:02:00 02:03:37  199 2288256 5640176 Sl
nanoda	Check all exported declarations and resolve all registered targets	2026-10-05T09:40:15.0203979Z 479453 BecknerOnofri.HighDim.EntropyTail.ExpCertificate.Exp0403.accepted._proof_1_1
nanoda	Check all exported declarations and resolve all registered targets	2026-10-05T09:40:15.0214220Z 479554 BecknerOnofri.HighDim.EntropyTail.HeatCertificate.Panels0232.e103352._proof_3
nanoda	Check all exported declarations and resolve all registered targets	2026-10-05T09:41:15.0242661Z Mon Oct  5 09:41:15 UTC 2026
nanoda	Check all exported declarations and resolve all registered targets	2026-10-05T09:41:15.0324201Z     PID     ELAPSED     TIME %CPU   RSS    VSZ STAT
nanoda	Check all exported declarations and resolve all registered targets	2026-10-05T09:41:15.0327364Z    2713    01:03:00 02:05:37  199 3100632 6578172 Sl
nanoda	Check all exported declarations and resolve all registered targets	2026-10-05T09:41:15.0341735Z 486515 BecknerOnofri.HighDim.EntropyTail.ExpCertificate.Exp0408.accepted._proof_1_1
nanoda	Check all exported declarations and resolve all registered targets	2026-10-05T09:41:15.0355644Z 485647 BecknerOnofri.HighDim.EntropyTail.ExpCertificate.Exp0409.accepted._proof_1_1
nanoda	Check all exported declarations and resolve all registered targets	2026-10-05T09:42:15.0384392Z Mon Oct  5 09:42:15 UTC 2026
nanoda	Check all exported declarations and resolve all registered targets	2026-10-05T09:42:15.0459897Z     PID     ELAPSED     TIME %CPU   RSS    VSZ STAT
nanoda	Check all exported declarations and resolve all registered targets	2026-10-05T09:42:15.0460480Z    2713    01:04:00 02:07:37  199 2604580 6217716 Sl
nanoda	Check all exported declarations and resolve all registered targets	2026-10-05T09:42:15.0476481Z 492712 BecknerOnofri.HighDim.EntropyTail.HeatCertificate.Panels0236.e106232._proof_1
nanoda	Check all exported declarations and resolve all registered targets	2026-10-05T09:42:15.0487467Z 492709 BecknerOnofri.HighDim.EntropyTail.ExpCertificate.Exp0414.accepted._proof_1_1
nanoda	Check all exported declarations and resolve all registered targets	2026-10-05T09:43:15.0514956Z Mon Oct  5 09:43:15 UTC 2026
nanoda	Check all exported declarations and resolve all registered targets	2026-10-05T09:43:15.0587662Z     PID     ELAPSED     TIME %CPU   RSS    VSZ STAT
nanoda	Check all exported declarations and resolve all registered targets	2026-10-05T09:43:15.0590238Z    2713    01:05:00 02:09:37  199 3200172 7047160 Sl
nanoda	Check all exported declarations and resolve all registered targets	2026-10-05T09:43:15.0600974Z 499963 BecknerOnofri.HighDim.EntropyTail.ExpCertificate.Exp0419.accepted._proof_1_1
nanoda	Check all exported declarations and resolve all registered targets	2026-10-05T09:43:15.0611491Z 498903 BecknerOnofri.HighDim.EntropyTail.ExpCertificate.Exp0420.accepted._proof_1_1
nanoda	Check all exported declarations and resolve all registered targets	2026-10-05T09:44:15.0639756Z Mon Oct  5 09:44:15 UTC 2026
nanoda	Check all exported declarations and resolve all registered targets	2026-10-05T09:44:15.0720132Z     PID     ELAPSED     TIME %CPU   RSS    VSZ STAT
nanoda	Check all exported declarations and resolve all registered targets	2026-10-05T09:44:15.0720783Z    2713    01:06:00 02:11:37  199 2966860 6326268 Sl
nanoda	Check all exported declarations and resolve all registered targets	2026-10-05T09:44:15.0736823Z 507323 BecknerOnofri.HighDim.EntropyTail.HeatCertificate.Panels0240.accepted._proof_1_1
nanoda	Check all exported declarations and resolve all registered targets	2026-10-05T09:44:15.0747501Z 506165 BecknerOnofri.HighDim.EntropyTail.ExpCertificate.Exp0425.accepted._proof_1_1
nanoda	Check all exported declarations and resolve all registered targets	2026-10-05T09:45:15.0775607Z Mon Oct  5 09:45:15 UTC 2026
nanoda	Check all exported declarations and resolve all registered targets	2026-10-05T09:45:15.0854332Z     PID     ELAPSED     TIME %CPU   RSS    VSZ STAT
nanoda	Check all exported declarations and resolve all registered targets	2026-10-05T09:45:15.0854927Z    2713    01:07:00 02:13:37  199 2884396 6289400 Sl
nanoda	Check all exported declarations and resolve all registered targets	2026-10-05T09:45:15.0868771Z 514834 BecknerOnofri.HighDim.EntropyTail.HeatCertificate.Panels0243.accepted._proof_1_1
nanoda	Check all exported declarations and resolve all registered targets	2026-10-05T09:45:15.0880677Z 513700 BecknerOnofri.HighDim.EntropyTail.ExpCertificate.Exp0434.accepted._proof_1_1
nanoda	Check all exported declarations and resolve all registered targets	2026-10-05T09:46:15.0909035Z Mon Oct  5 09:46:15 UTC 2026
nanoda	Check all exported declarations and resolve all registered targets	2026-10-05T09:46:15.0982489Z     PID     ELAPSED     TIME %CPU   RSS    VSZ STAT
nanoda	Check all exported declarations and resolve all registered targets	2026-10-05T09:46:15.0984847Z    2713    01:08:00 02:15:37  199 2095088 5459944 Sl
nanoda	Check all exported declarations and resolve all registered targets	2026-10-05T09:46:15.0995384Z 526117 BecknerOnofri.HighDim.Spin.CandidateBatch0117.accepted1875._proof_1_1
nanoda	Check all exported declarations and resolve all registered targets	2026-10-05T09:46:15.1005491Z 526121 BecknerOnofri.HighDim.Spin.IntervalBatch0117.intervalAccepted1875._proof_1_1
nanoda	Check all exported declarations and resolve all registered targets	2026-10-05T09:47:15.1032817Z Mon Oct  5 09:47:15 UTC 2026
nanoda	Check all exported declarations and resolve all registered targets	2026-10-05T09:47:15.1107442Z     PID     ELAPSED     TIME %CPU   RSS    VSZ STAT
nanoda	Check all exported declarations and resolve all registered targets	2026-10-05T09:47:15.1108008Z    2713    01:09:00 02:17:37  199 2294404 5640180 Sl
nanoda	Check all exported declarations and resolve all registered targets	2026-10-05T09:47:15.1122030Z 528665 BecknerOnofri.HighDim.EntropyLogCertificate.SpinLogs0176.accepted._proof_1_1
nanoda	Check all exported declarations and resolve all registered targets	2026-10-05T09:47:15.1133117Z 528669 BecknerOnofri.HighDim.Spin.CandidateBatch0108.accepted1732._proof_1_1
nanoda	Check all exported declarations and resolve all registered targets	2026-10-05T09:48:15.1161105Z Mon Oct  5 09:48:15 UTC 2026
nanoda	Check all exported declarations and resolve all registered targets	2026-10-05T09:48:15.1234939Z     PID     ELAPSED     TIME %CPU   RSS    VSZ STAT
nanoda	Check all exported declarations and resolve all registered targets	2026-10-05T09:48:15.1237443Z    2713    01:10:00 02:19:37  199 2437376 5892084 Sl
nanoda	Check all exported declarations and resolve all registered targets	2026-10-05T09:48:15.1247925Z 531053 BecknerOnofri.HighDim.EntropyLogCertificate.SpinLogs0174.accepted._proof_1_1
nanoda	Check all exported declarations and resolve all registered targets	2026-10-05T09:48:15.1257490Z 531112 BecknerOnofri.HighDim.Spin.CandidateBatch0107.accepted1715._proof_1_1
nanoda	Check all exported declarations and resolve all registered targets	2026-10-05T09:49:15.1286030Z Mon Oct  5 09:49:15 UTC 2026
nanoda	Check all exported declarations and resolve all registered targets	2026-10-05T09:49:15.1366308Z     PID     ELAPSED     TIME %CPU   RSS    VSZ STAT
nanoda	Check all exported declarations and resolve all registered targets	2026-10-05T09:49:15.1366936Z    2713    01:11:00 02:21:37  199 2248904 5567472 Sl
nanoda	Check all exported declarations and resolve all registered targets	2026-10-05T09:49:15.1383973Z 533536 BecknerOnofri.HighDim.Spin.CandidateBatch0094.accepted1516._proof_1_1
nanoda	Check all exported declarations and resolve all registered targets	2026-10-05T09:49:15.1397425Z 533524 BecknerOnofri.HighDim.EntropyLogCertificate.SpinLogs0154.accepted._proof_1_1
nanoda	Check all exported declarations and resolve all registered targets	2026-10-05T09:50:15.1426187Z Mon Oct  5 09:50:15 UTC 2026
nanoda	Check all exported declarations and resolve all registered targets	2026-10-05T09:50:15.1502749Z     PID     ELAPSED     TIME %CPU   RSS    VSZ STAT
nanoda	Check all exported declarations and resolve all registered targets	2026-10-05T09:50:15.1503358Z    2713    01:12:00 02:23:37  199 2475236 5892084 Sl
nanoda	Check all exported declarations and resolve all registered targets	2026-10-05T09:50:15.1518280Z 535849 BecknerOnofri.HighDim.Spin.CandidateBatch0090.accepted1440._proof_1_1
nanoda	Check all exported declarations and resolve all registered targets	2026-10-05T09:50:15.1530066Z 535776 BecknerOnofri.HighDim.EntropyLogCertificate.SpinLogs0146.accepted._proof_1_1
nanoda	Check all exported declarations and resolve all registered targets	2026-10-05T09:51:15.1557247Z Mon Oct  5 09:51:15 UTC 2026
nanoda	Check all exported declarations and resolve all registered targets	2026-10-05T09:51:15.1633404Z     PID     ELAPSED     TIME %CPU   RSS    VSZ STAT
nanoda	Check all exported declarations and resolve all registered targets	2026-10-05T09:51:15.1635898Z    2713    01:13:00 02:25:37  199 2182712 5531628 Sl
nanoda	Check all exported declarations and resolve all registered targets	2026-10-05T09:51:15.1648162Z 538206 BecknerOnofri.HighDim.EntropyLogCertificate.SpinLogs0131.accepted._proof_1_1
nanoda	Check all exported declarations and resolve all registered targets	2026-10-05T09:51:15.1659289Z 538226 BecknerOnofri.HighDim.Spin.IntervalBatch0081.intervalAccepted1296._proof_1_1
nanoda	Check all exported declarations and resolve all registered targets	2026-10-05T09:52:15.1687609Z Mon Oct  5 09:52:15 UTC 2026
nanoda	Check all exported declarations and resolve all registered targets	2026-10-05T09:52:15.1764447Z     PID     ELAPSED     TIME %CPU   RSS    VSZ STAT
nanoda	Check all exported declarations and resolve all registered targets	2026-10-05T09:52:15.1767387Z    2713    01:14:00 02:27:37  199 2227420 5567472 Sl
nanoda	Check all exported declarations and resolve all registered targets	2026-10-05T09:52:15.1781853Z 540711 BecknerOnofri.HighDim.Spin.CandidateBatch0079.accepted1277._proof_1_1
nanoda	Check all exported declarations and resolve all registered targets	2026-10-05T09:52:15.1792740Z 540688 BecknerOnofri.HighDim.Spin.CandidateBatch0079.accepted1276._proof_1_1
nanoda	Check all exported declarations and resolve all registered targets	2026-10-05T09:53:15.1821185Z Mon Oct  5 09:53:15 UTC 2026
nanoda	Check all exported declarations and resolve all registered targets	2026-10-05T09:53:15.1897501Z     PID     ELAPSED     TIME %CPU   RSS    VSZ STAT
nanoda	Check all exported declarations and resolve all registered targets	2026-10-05T09:53:15.1900218Z    2713    01:15:00 02:29:37  199 2235340 5567472 Sl
nanoda	Check all exported declarations and resolve all registered targets	2026-10-05T09:53:15.1911956Z 543316 BecknerOnofri.HighDim.EntropyLogCertificate.SpinLogs0115.accepted._proof_1_1
nanoda	Check all exported declarations and resolve all registered targets	2026-10-05T09:53:15.1923357Z 543328 BecknerOnofri.HighDim.Spin.CandidateBatch0070.accepted1132._proof_1_1
nanoda	Check all exported declarations and resolve all registered targets	2026-10-05T09:54:15.1950924Z Mon Oct  5 09:54:15 UTC 2026
nanoda	Check all exported declarations and resolve all registered targets	2026-10-05T09:54:15.2025479Z     PID     ELAPSED     TIME %CPU   RSS    VSZ STAT
nanoda	Check all exported declarations and resolve all registered targets	2026-10-05T09:54:15.2026037Z    2713    01:16:00 02:31:37  199 2175652 5531628 Sl
nanoda	Check all exported declarations and resolve all registered targets	2026-10-05T09:54:15.2038405Z 546074 BecknerOnofri.HighDim.EntropyLogCertificate.SpinLogs0109.accepted._proof_1_1
nanoda	Check all exported declarations and resolve all registered targets	2026-10-05T09:54:15.2049113Z 546061 BecknerOnofri.HighDim.Spin.CandidateBatch0067.accepted1072._proof_1_1
nanoda	Check all exported declarations and resolve all registered targets	2026-10-05T09:55:15.2076680Z Mon Oct  5 09:55:15 UTC 2026
nanoda	Check all exported declarations and resolve all registered targets	2026-10-05T09:55:15.2154018Z     PID     ELAPSED     TIME %CPU   RSS    VSZ STAT
nanoda	Check all exported declarations and resolve all registered targets	2026-10-05T09:55:15.2154556Z    2713    01:17:00 02:33:37  199 2222540 5567472 Sl
nanoda	Check all exported declarations and resolve all registered targets	2026-10-05T09:55:15.2167424Z 548842 BecknerOnofri.HighDim.Spin.CandidateBatch0055.accepted0886._proof_1_1
nanoda	Check all exported declarations and resolve all registered targets	2026-10-05T09:55:15.2178328Z 548828 BecknerOnofri.HighDim.EntropyLogCertificate.SpinLogs0090.accepted._proof_1_1
nanoda	Check all exported declarations and resolve all registered targets	2026-10-05T09:56:15.2206086Z Mon Oct  5 09:56:15 UTC 2026
nanoda	Check all exported declarations and resolve all registered targets	2026-10-05T09:56:15.2279526Z     PID     ELAPSED     TIME %CPU   RSS    VSZ STAT
nanoda	Check all exported declarations and resolve all registered targets	2026-10-05T09:56:15.2282324Z    2713    01:18:00 02:35:37  199 2226456 5568496 Sl
nanoda	Check all exported declarations and resolve all registered targets	2026-10-05T09:56:15.2292714Z 551608 BecknerOnofri.HighDim.EntropyLogCertificate.SpinLogs0076.accepted._proof_1_1
nanoda	Check all exported declarations and resolve all registered targets	2026-10-05T09:56:15.2303046Z 551629 BecknerOnofri.HighDim.Spin.CandidateBatch0046.candidate0749._proof_1
nanoda	Check all exported declarations and resolve all registered targets	2026-10-05T09:57:15.2331239Z Mon Oct  5 09:57:15 UTC 2026
nanoda	Check all exported declarations and resolve all registered targets	2026-10-05T09:57:15.2407628Z     PID     ELAPSED     TIME %CPU   RSS    VSZ STAT
nanoda	Check all exported declarations and resolve all registered targets	2026-10-05T09:57:15.2410325Z    2713    01:19:01 02:37:38  199 2390820 5820400 Sl
nanoda	Check all exported declarations and resolve all registered targets	2026-10-05T09:57:15.2422201Z 554297 BecknerOnofri.HighDim.Spin.IntervalBatch0038.intervalAccepted0611._proof_1_1
nanoda	Check all exported declarations and resolve all registered targets	2026-10-05T09:57:15.2433387Z 554260 BecknerOnofri.HighDim.EntropyLogCertificate.SpinLogs0062.accepted._proof_1_1
nanoda	Check all exported declarations and resolve all registered targets	2026-10-05T09:58:15.2462599Z Mon Oct  5 09:58:15 UTC 2026
nanoda	Check all exported declarations and resolve all registered targets	2026-10-05T09:58:15.2537396Z     PID     ELAPSED     TIME %CPU   RSS    VSZ STAT
nanoda	Check all exported declarations and resolve all registered targets	2026-10-05T09:58:15.2540225Z    2713    01:20:01 02:39:38  199 2425748 5856244 Sl
nanoda	Check all exported declarations and resolve all registered targets	2026-10-05T09:58:15.2550995Z 556969 BecknerOnofri.HighDim.EntropyLogCertificate.SpinLogs0056.accepted._proof_1_1
nanoda	Check all exported declarations and resolve all registered targets	2026-10-05T09:58:15.2561368Z 557049 BecknerOnofri.HighDim.Spin.CandidateBatch0034.accepted0554._proof_1_1
nanoda	Check all exported declarations and resolve all registered targets	2026-10-05T09:59:15.2588789Z Mon Oct  5 09:59:15 UTC 2026
nanoda	Check all exported declarations and resolve all registered targets	2026-10-05T09:59:15.2662374Z     PID     ELAPSED     TIME %CPU   RSS    VSZ STAT
nanoda	Check all exported declarations and resolve all registered targets	2026-10-05T09:59:15.2662961Z    2713    01:21:01 02:41:38  199 2280164 5640176 Sl
nanoda	Check all exported declarations and resolve all registered targets	2026-10-05T09:59:15.2675392Z 559877 BecknerOnofri.HighDim.Spin.CandidateBatch0023.accepted0370._proof_1_1
nanoda	Check all exported declarations and resolve all registered targets	2026-10-05T09:59:15.2686092Z 559815 BecknerOnofri.HighDim.EntropyLogCertificate.SpinLogs0037.accepted._proof_1_1
nanoda	Check all exported declarations and resolve all registered targets	2026-10-05T10:00:15.2714168Z Mon Oct  5 10:00:15 UTC 2026
nanoda	Check all exported declarations and resolve all registered targets	2026-10-05T10:00:15.2789382Z     PID     ELAPSED     TIME %CPU   RSS    VSZ STAT
nanoda	Check all exported declarations and resolve all registered targets	2026-10-05T10:00:15.2789976Z    2713    01:22:01 02:43:38  199 2150064 5495788 Sl
nanoda	Check all exported declarations and resolve all registered targets	2026-10-05T10:00:15.2802988Z 562655 BecknerOnofri.HighDim.Spin.CandidateBatch0022.accepted0360._proof_1_1
nanoda	Check all exported declarations and resolve all registered targets	2026-10-05T10:00:15.2813471Z 562678 BecknerOnofri.HighDim.Spin.CandidateBatch0022.accepted0361._proof_1_1
nanoda	Check all exported declarations and resolve all registered targets	2026-10-05T10:01:15.2839937Z Mon Oct  5 10:01:15 UTC 2026
nanoda	Check all exported declarations and resolve all registered targets	2026-10-05T10:01:15.2914011Z     PID     ELAPSED     TIME %CPU   RSS    VSZ STAT
nanoda	Check all exported declarations and resolve all registered targets	2026-10-05T10:01:15.2914551Z    2713    01:23:01 02:45:38  199 2155728 5495788 Sl
nanoda	Check all exported declarations and resolve all registered targets	2026-10-05T10:01:15.2926677Z 565433 BecknerOnofri.HighDim.Spin.CandidateBatch0013.accepted0222._proof_1_1
nanoda	Check all exported declarations and resolve all registered targets	2026-10-05T10:01:15.2937108Z 565456 BecknerOnofri.HighDim.Spin.CandidateBatch0013.accepted0223._proof_1_1
nanoda	Check all exported declarations and resolve all registered targets	2026-10-05T10:02:15.2964645Z Mon Oct  5 10:02:15 UTC 2026
nanoda	Check all exported declarations and resolve all registered targets	2026-10-05T10:02:15.3042585Z     PID     ELAPSED     TIME %CPU   RSS    VSZ STAT
nanoda	Check all exported declarations and resolve all registered targets	2026-10-05T10:02:15.3045306Z    2713    01:24:01 02:47:38  199 2454600 5785592 Sl
nanoda	Check all exported declarations and resolve all registered targets	2026-10-05T10:02:15.3058914Z 568216 BecknerOnofri.HighDim.Spin.CandidateBatch0002.accepted0041._proof_1_1
nanoda	Check all exported declarations and resolve all registered targets	2026-10-05T10:02:15.3072292Z 568165 BecknerOnofri.HighDim.EntropyLogCertificate.SpinLogs0004.accepted._proof_1_1
nanoda	Check all exported declarations and resolve all registered targets	2026-10-05T10:03:15.3099592Z Mon Oct  5 10:03:15 UTC 2026
nanoda	Check all exported declarations and resolve all registered targets	2026-10-05T10:03:15.3172676Z     PID     ELAPSED     TIME %CPU   RSS    VSZ STAT
nanoda	Check all exported declarations and resolve all registered targets	2026-10-05T10:03:15.3173242Z    2713    01:25:01 02:49:38  199 6280984 10051588 Sl
nanoda	Check all exported declarations and resolve all registered targets	2026-10-05T10:03:15.3187919Z 570278 BecknerOnofri.HighDim.ScalarCertificate.BesselBatch0480.accepted._proof_1_1
nanoda	Check all exported declarations and resolve all registered targets	2026-10-05T10:03:15.3199676Z 570241 BecknerOnofri.HighDim.ScalarCertificate.CertifiedMinorant.hullAccepted._proof_1_1
nanoda	Check all exported declarations and resolve all registered targets	2026-10-05T10:04:15.5987057Z Mon Oct  5 10:04:15 UTC 2026
nanoda	Check all exported declarations and resolve all registered targets	2026-10-05T10:04:15.6086067Z     PID     ELAPSED     TIME %CPU   RSS    VSZ STAT
nanoda	Check all exported declarations and resolve all registered targets	2026-10-05T10:04:15.6104885Z    2713    01:26:01 02:51:13  199 15478896 23273480 Sl
nanoda	Check all exported declarations and resolve all registered targets	2026-10-05T10:04:15.6121465Z 570476 BecknerOnofri.HighDim.ScalarCertificate.momentRange_sound
nanoda	Check all exported declarations and resolve all registered targets	2026-10-05T10:04:15.6136315Z 570241 BecknerOnofri.HighDim.ScalarCertificate.CertifiedMinorant.hullAccepted._proof_1_1
nanoda	Check all exported declarations and resolve all registered targets	2026-10-05T10:05:15.8695062Z Mon Oct  5 10:05:15 UTC 2026
nanoda	Check all exported declarations and resolve all registered targets	2026-10-05T10:05:15.8745327Z     PID     ELAPSED     TIME %CPU   RSS    VSZ STAT
nanoda	Check all exported declarations and resolve all registered targets	2026-10-05T10:05:15.8799012Z    2713    01:27:01 02:51:36  197 15516680 23420936 Sl
nanoda	Check all exported declarations and resolve all registered targets	2026-10-05T10:05:15.8803895Z 570476 BecknerOnofri.HighDim.ScalarCertificate.momentRange_sound
nanoda	Check all exported declarations and resolve all registered targets	2026-10-05T10:05:15.8806404Z 570241 BecknerOnofri.HighDim.ScalarCertificate.CertifiedMinorant.hullAccepted._proof_1_1
nanoda	Check all exported declarations and resolve all registered targets	2026-10-05T10:06:15.8969275Z Mon Oct  5 10:06:15 UTC 2026
nanoda	Check all exported declarations and resolve all registered targets	2026-10-05T10:06:15.9010068Z     PID     ELAPSED     TIME %CPU   RSS    VSZ STAT
nanoda	Check all exported declarations and resolve all registered targets	2026-10-05T10:06:15.9013253Z    2713    01:28:01 02:51:52  195 15618848 23420936 Sl
nanoda	Check all exported declarations and resolve all registered targets	2026-10-05T10:06:15.9822925Z 570476 BecknerOnofri.HighDim.ScalarCertificate.momentRange_sound
nanoda	Check all exported declarations and resolve all registered targets	2026-10-05T10:06:16.0525998Z 570241 BecknerOnofri.HighDim.ScalarCertificate.CertifiedMinorant.hullAccepted._proof_1_1
nanoda	Check all exported declarations and resolve all registered targets	2026-10-05T10:07:16.0882547Z Mon Oct  5 10:07:16 UTC 2026
nanoda	Check all exported declarations and resolve all registered targets	2026-10-05T10:07:16.0936799Z     PID     ELAPSED     TIME %CPU   RSS    VSZ STAT
nanoda	Check all exported declarations and resolve all registered targets	2026-10-05T10:07:16.0938855Z    2713    01:29:01 02:52:07  193 15653004 23670796 Sl
nanoda	Check all exported declarations and resolve all registered targets	2026-10-05T10:07:16.0970666Z 570476 BecknerOnofri.HighDim.ScalarCertificate.momentRange_sound
nanoda	Check all exported declarations and resolve all registered targets	2026-10-05T10:07:16.0983199Z 570241 BecknerOnofri.HighDim.ScalarCertificate.CertifiedMinorant.hullAccepted._proof_1_1
nanoda	Check all exported declarations and resolve all registered targets	2026-10-05T10:08:16.1243678Z Mon Oct  5 10:08:16 UTC 2026
nanoda	Check all exported declarations and resolve all registered targets	2026-10-05T10:08:16.1351838Z     PID     ELAPSED     TIME %CPU   RSS    VSZ STAT
nanoda	Check all exported declarations and resolve all registered targets	2026-10-05T10:08:16.1352350Z    2713    01:30:01 02:52:19  191 15706756 23736336 Sl
nanoda	Check all exported declarations and resolve all registered targets	2026-10-05T10:08:16.1389297Z 570476 BecknerOnofri.HighDim.ScalarCertificate.momentRange_sound
nanoda	Check all exported declarations and resolve all registered targets	2026-10-05T10:08:16.1402953Z 570241 BecknerOnofri.HighDim.ScalarCertificate.CertifiedMinorant.hullAccepted._proof_1_1
nanoda	Check all exported declarations and resolve all registered targets	2026-10-05T10:09:16.1744801Z Mon Oct  5 10:09:16 UTC 2026
nanoda	Check all exported declarations and resolve all registered targets	2026-10-05T10:09:16.1784331Z     PID     ELAPSED     TIME %CPU   RSS    VSZ STAT
nanoda	Check all exported declarations and resolve all registered targets	2026-10-05T10:09:16.1784679Z    2713    01:31:01 02:52:29  189 15543748 23830548 Sl
nanoda	Check all exported declarations and resolve all registered targets	2026-10-05T10:09:16.1823198Z 570476 BecknerOnofri.HighDim.ScalarCertificate.momentRange_sound
nanoda	Check all exported declarations and resolve all registered targets	2026-10-05T10:09:16.1837652Z 570241 BecknerOnofri.HighDim.ScalarCertificate.CertifiedMinorant.hullAccepted._proof_1_1
nanoda	Check all exported declarations and resolve all registered targets	2026-10-05T10:10:16.2234809Z Mon Oct  5 10:10:16 UTC 2026
nanoda	Check all exported declarations and resolve all registered targets	2026-10-05T10:10:16.2300606Z     PID     ELAPSED     TIME %CPU   RSS    VSZ STAT
nanoda	Check all exported declarations and resolve all registered targets	2026-10-05T10:10:16.2301041Z    2713    01:32:01 02:52:36  187 15587116 26189848 Sl
nanoda	Check all exported declarations and resolve all registered targets	2026-10-05T10:10:16.2340267Z 570476 BecknerOnofri.HighDim.ScalarCertificate.momentRange_sound
nanoda	Check all exported declarations and resolve all registered targets	2026-10-05T10:10:16.2353761Z 570241 BecknerOnofri.HighDim.ScalarCertificate.CertifiedMinorant.hullAccepted._proof_1_1
nanoda	Check all exported declarations and resolve all registered targets	2026-10-05T10:11:16.2521817Z Mon Oct  5 10:11:16 UTC 2026
nanoda	Check all exported declarations and resolve all registered targets	2026-10-05T10:11:16.2595137Z     PID     ELAPSED     TIME %CPU   RSS    VSZ STAT
nanoda	Check all exported declarations and resolve all registered targets	2026-10-05T10:11:16.2595491Z    2713    01:33:02 02:52:41  185 15601136 26189848 Sl
nanoda	Check all exported declarations and resolve all registered targets	2026-10-05T10:11:16.2623821Z 570476 BecknerOnofri.HighDim.ScalarCertificate.momentRange_sound
nanoda	Check all exported declarations and resolve all registered targets	2026-10-05T10:11:16.2635838Z 570241 BecknerOnofri.HighDim.ScalarCertificate.CertifiedMinorant.hullAccepted._proof_1_1
nanoda	Check all exported declarations and resolve all registered targets	2026-10-05T10:12:16.2745465Z Mon Oct  5 10:12:16 UTC 2026
nanoda	Check all exported declarations and resolve all registered targets	2026-10-05T10:12:16.2814776Z     PID     ELAPSED     TIME %CPU   RSS    VSZ STAT
nanoda	Check all exported declarations and resolve all registered targets	2026-10-05T10:12:16.2824025Z    2713    01:34:02 02:52:46  183 15601332 30908444 Sl
nanoda	Check all exported declarations and resolve all registered targets	2026-10-05T10:12:16.2840911Z 570476 BecknerOnofri.HighDim.ScalarCertificate.momentRange_sound
nanoda	Check all exported declarations and resolve all registered targets	2026-10-05T10:12:16.2852733Z 570241 BecknerOnofri.HighDim.ScalarCertificate.CertifiedMinorant.hullAccepted._proof_1_1
nanoda	Check all exported declarations and resolve all registered targets	2026-10-05T10:13:16.2882899Z Mon Oct  5 10:13:16 UTC 2026
nanoda	Check all exported declarations and resolve all registered targets	2026-10-05T10:13:16.2965961Z     PID     ELAPSED     TIME %CPU   RSS    VSZ STAT
nanoda	Check all exported declarations and resolve all registered targets	2026-10-05T10:13:16.2966370Z    2713    01:35:02 02:52:51  181 15566528 30908444 Sl
nanoda	Check all exported declarations and resolve all registered targets	2026-10-05T10:13:16.2986795Z 570476 BecknerOnofri.HighDim.ScalarCertificate.momentRange_sound
nanoda	Check all exported declarations and resolve all registered targets	2026-10-05T10:13:16.3006935Z 570241 BecknerOnofri.HighDim.ScalarCertificate.CertifiedMinorant.hullAccepted._proof_1_1
nanoda	Check all exported declarations and resolve all registered targets	2026-10-05T10:14:16.3082240Z Mon Oct  5 10:14:16 UTC 2026
nanoda	Check all exported declarations and resolve all registered targets	2026-10-05T10:14:16.3177908Z     PID     ELAPSED     TIME %CPU   RSS    VSZ STAT
nanoda	Check all exported declarations and resolve all registered targets	2026-10-05T10:14:16.3180275Z    2713    01:36:02 02:53:02  180 15693528 30908444 Sl
nanoda	Check all exported declarations and resolve all registered targets	2026-10-05T10:14:16.3206556Z 570476 BecknerOnofri.HighDim.ScalarCertificate.momentRange_sound
nanoda	Check all exported declarations and resolve all registered targets	2026-10-05T10:14:16.4595355Z 570241 BecknerOnofri.HighDim.ScalarCertificate.CertifiedMinorant.hullAccepted._proof_1_1
nanoda	Check all exported declarations and resolve all registered targets	2026-10-05T10:15:16.3248935Z Mon Oct  5 10:15:16 UTC 2026
nanoda	Check all exported declarations and resolve all registered targets	2026-10-05T10:15:16.3333258Z     PID     ELAPSED     TIME %CPU   RSS    VSZ STAT
nanoda	Check all exported declarations and resolve all registered targets	2026-10-05T10:15:16.3333649Z    2713    01:37:02 02:53:07  178 15628120 34316312 Sl
nanoda	Check all exported declarations and resolve all registered targets	2026-10-05T10:15:16.3349565Z 570476 BecknerOnofri.HighDim.ScalarCertificate.momentRange_sound
nanoda	Check all exported declarations and resolve all registered targets	2026-10-05T10:15:16.3360007Z 570241 BecknerOnofri.HighDim.ScalarCertificate.CertifiedMinorant.hullAccepted._proof_1_1
nanoda	Check all exported declarations and resolve all registered targets	2026-10-05T10:16:16.3493941Z Mon Oct  5 10:16:16 UTC 2026
nanoda	Check all exported declarations and resolve all registered targets	2026-10-05T10:16:16.3609610Z     PID     ELAPSED     TIME %CPU   RSS    VSZ STAT
nanoda	Check all exported declarations and resolve all registered targets	2026-10-05T10:16:16.3611915Z    2713    01:38:02 02:53:11  176 15657080 34316312 Sl
nanoda	Check all exported declarations and resolve all registered targets	2026-10-05T10:16:16.3639060Z 570476 BecknerOnofri.HighDim.ScalarCertificate.momentRange_sound
nanoda	Check all exported declarations and resolve all registered targets	2026-10-05T10:16:16.3652412Z 570241 BecknerOnofri.HighDim.ScalarCertificate.CertifiedMinorant.hullAccepted._proof_1_1
nanoda	Check all exported declarations and resolve all registered targets	2026-10-05T10:17:16.3687562Z Mon Oct  5 10:17:16 UTC 2026
nanoda	Check all exported declarations and resolve all registered targets	2026-10-05T10:17:16.3761618Z     PID     ELAPSED     TIME %CPU   RSS    VSZ STAT
nanoda	Check all exported declarations and resolve all registered targets	2026-10-05T10:17:16.3763874Z    2713    01:39:02 02:53:18  175 15642884 34316312 Sl
nanoda	Check all exported declarations and resolve all registered targets	2026-10-05T10:17:16.3781459Z 570476 BecknerOnofri.HighDim.ScalarCertificate.momentRange_sound
nanoda	Check all exported declarations and resolve all registered targets	2026-10-05T10:17:16.3815652Z 570241 BecknerOnofri.HighDim.ScalarCertificate.CertifiedMinorant.hullAccepted._proof_1_1
nanoda	Check all exported declarations and resolve all registered targets	2026-10-05T10:18:16.4322633Z Mon Oct  5 10:18:16 UTC 2026
nanoda	Check all exported declarations and resolve all registered targets	2026-10-05T10:18:16.4366462Z     PID     ELAPSED     TIME %CPU   RSS    VSZ STAT
nanoda	Check all exported declarations and resolve all registered targets	2026-10-05T10:18:16.4375404Z    2713    01:40:02 02:53:36  173 15641692 34316312 Sl
nanoda	Check all exported declarations and resolve all registered targets	2026-10-05T10:18:16.4399814Z 570476 BecknerOnofri.HighDim.ScalarCertificate.momentRange_sound
nanoda	Check all exported declarations and resolve all registered targets	2026-10-05T10:18:16.4400906Z 570241 BecknerOnofri.HighDim.ScalarCertificate.CertifiedMinorant.hullAccepted._proof_1_1
nanoda	Check all exported declarations and resolve all registered targets	2026-10-05T10:19:16.4841635Z Mon Oct  5 10:19:16 UTC 2026
nanoda	Check all exported declarations and resolve all registered targets	2026-10-05T10:19:16.5010546Z     PID     ELAPSED     TIME %CPU   RSS    VSZ STAT
nanoda	Check all exported declarations and resolve all registered targets	2026-10-05T10:19:16.5013120Z    2713    01:41:02 02:53:44  171 15611008 41132052 Sl
nanoda	Check all exported declarations and resolve all registered targets	2026-10-05T10:19:16.5045043Z 570476 BecknerOnofri.HighDim.ScalarCertificate.momentRange_sound
nanoda	Check all exported declarations and resolve all registered targets	2026-10-05T10:19:16.5055477Z 570241 BecknerOnofri.HighDim.ScalarCertificate.CertifiedMinorant.hullAccepted._proof_1_1
nanoda	Check all exported declarations and resolve all registered targets	2026-10-05T10:20:16.6050906Z Mon Oct  5 10:20:16 UTC 2026
nanoda	Check all exported declarations and resolve all registered targets	2026-10-05T10:20:16.6117330Z     PID     ELAPSED     TIME %CPU   RSS    VSZ STAT
nanoda	Check all exported declarations and resolve all registered targets	2026-10-05T10:20:16.6135347Z    2713    01:42:02 02:53:50  170 15594816 41132052 Sl
nanoda	Check all exported declarations and resolve all registered targets	2026-10-05T10:20:16.6137671Z 570476 BecknerOnofri.HighDim.ScalarCertificate.momentRange_sound
nanoda	Check all exported declarations and resolve all registered targets	2026-10-05T10:20:16.6146793Z 570241 BecknerOnofri.HighDim.ScalarCertificate.CertifiedMinorant.hullAccepted._proof_1_1
nanoda	Check all exported declarations and resolve all registered targets	2026-10-05T10:21:16.6255264Z Mon Oct  5 10:21:16 UTC 2026
nanoda	Check all exported declarations and resolve all registered targets	2026-10-05T10:21:16.6352198Z     PID     ELAPSED     TIME %CPU   RSS    VSZ STAT
nanoda	Check all exported declarations and resolve all registered targets	2026-10-05T10:21:16.6355516Z    2713    01:43:02 02:53:56  168 15629808 41132052 Sl
nanoda	Check all exported declarations and resolve all registered targets	2026-10-05T10:21:16.6391067Z 570476 BecknerOnofri.HighDim.ScalarCertificate.momentRange_sound
nanoda	Check all exported declarations and resolve all registered targets	2026-10-05T10:21:16.6400266Z 570241 BecknerOnofri.HighDim.ScalarCertificate.CertifiedMinorant.hullAccepted._proof_1_1
nanoda	Check all exported declarations and resolve all registered targets	2026-10-05T10:22:16.6547390Z Mon Oct  5 10:22:16 UTC 2026
nanoda	Check all exported declarations and resolve all registered targets	2026-10-05T10:22:16.6646029Z     PID     ELAPSED     TIME %CPU   RSS    VSZ STAT
nanoda	Check all exported declarations and resolve all registered targets	2026-10-05T10:22:16.6646932Z    2713    01:44:02 02:54:03  167 15579272 41132052 Sl
nanoda	Check all exported declarations and resolve all registered targets	2026-10-05T10:22:16.6661201Z 570476 BecknerOnofri.HighDim.ScalarCertificate.momentRange_sound
nanoda	Check all exported declarations and resolve all registered targets	2026-10-05T10:22:16.6671827Z 570241 BecknerOnofri.HighDim.ScalarCertificate.CertifiedMinorant.hullAccepted._proof_1_1
nanoda	Check all exported declarations and resolve all registered targets	2026-10-05T10:23:16.7477577Z Mon Oct  5 10:23:16 UTC 2026
nanoda	Check all exported declarations and resolve all registered targets	2026-10-05T10:23:16.7592114Z     PID     ELAPSED     TIME %CPU   RSS    VSZ STAT
nanoda	Check all exported declarations and resolve all registered targets	2026-10-05T10:23:16.7650819Z    2713    01:45:02 02:54:10  165 15553044 41132052 Sl
nanoda	Check all exported declarations and resolve all registered targets	2026-10-05T10:23:16.7749824Z 570476 BecknerOnofri.HighDim.ScalarCertificate.momentRange_sound
nanoda	Check all exported declarations and resolve all registered targets	2026-10-05T10:23:16.7759099Z 570241 BecknerOnofri.HighDim.ScalarCertificate.CertifiedMinorant.hullAccepted._proof_1_1
nanoda	Check all exported declarations and resolve all registered targets	2026-10-05T10:24:16.8131002Z Mon Oct  5 10:24:16 UTC 2026
nanoda	Check all exported declarations and resolve all registered targets	2026-10-05T10:24:16.8229008Z     PID     ELAPSED     TIME %CPU   RSS    VSZ STAT
nanoda	Check all exported declarations and resolve all registered targets	2026-10-05T10:24:16.8234259Z    2713    01:46:02 02:54:17  164 15670500 41132052 Sl
nanoda	Check all exported declarations and resolve all registered targets	2026-10-05T10:24:16.8264044Z 570476 BecknerOnofri.HighDim.ScalarCertificate.momentRange_sound
nanoda	Check all exported declarations and resolve all registered targets	2026-10-05T10:24:16.8277141Z 570241 BecknerOnofri.HighDim.ScalarCertificate.CertifiedMinorant.hullAccepted._proof_1_1
nanoda	Check all exported declarations and resolve all registered targets	2026-10-05T10:25:16.9772743Z Mon Oct  5 10:25:16 UTC 2026
nanoda	Check all exported declarations and resolve all registered targets	2026-10-05T10:25:16.9889996Z     PID     ELAPSED     TIME %CPU   RSS    VSZ STAT
nanoda	Check all exported declarations and resolve all registered targets	2026-10-05T10:25:16.9890497Z    2713    01:47:02 02:54:23  162 15641148 41132052 Sl
nanoda	Check all exported declarations and resolve all registered targets	2026-10-05T10:25:16.9908840Z 570476 BecknerOnofri.HighDim.ScalarCertificate.momentRange_sound
nanoda	Check all exported declarations and resolve all registered targets	2026-10-05T10:25:16.9921458Z 570241 BecknerOnofri.HighDim.ScalarCertificate.CertifiedMinorant.hullAccepted._proof_1_1
nanoda	Check all exported declarations and resolve all registered targets	2026-10-05T10:26:16.9959818Z Mon Oct  5 10:26:16 UTC 2026
nanoda	Check all exported declarations and resolve all registered targets	2026-10-05T10:26:17.0032594Z     PID     ELAPSED     TIME %CPU   RSS    VSZ STAT
nanoda	Check all exported declarations and resolve all registered targets	2026-10-05T10:26:17.0035285Z    2713    01:48:02 02:54:30  161 15595064 41132052 Sl
nanoda	Check all exported declarations and resolve all registered targets	2026-10-05T10:26:17.0050377Z 570476 BecknerOnofri.HighDim.ScalarCertificate.momentRange_sound
nanoda	Check all exported declarations and resolve all registered targets	2026-10-05T10:26:17.0064522Z 570241 BecknerOnofri.HighDim.ScalarCertificate.CertifiedMinorant.hullAccepted._proof_1_1
nanoda	Check all exported declarations and resolve all registered targets	2026-10-05T10:27:17.0184462Z Mon Oct  5 10:27:17 UTC 2026
nanoda	Check all exported declarations and resolve all registered targets	2026-10-05T10:27:17.0303185Z     PID     ELAPSED     TIME %CPU   RSS    VSZ STAT
nanoda	Check all exported declarations and resolve all registered targets	2026-10-05T10:27:17.0309950Z    2713    01:49:02 02:54:37  160 15627120 41132052 Sl
nanoda	Check all exported declarations and resolve all registered targets	2026-10-05T10:27:17.0337241Z 570476 BecknerOnofri.HighDim.ScalarCertificate.momentRange_sound
nanoda	Check all exported declarations and resolve all registered targets	2026-10-05T10:27:17.0350959Z 570241 BecknerOnofri.HighDim.ScalarCertificate.CertifiedMinorant.hullAccepted._proof_1_1
nanoda	Check all exported declarations and resolve all registered targets	2026-10-05T10:28:17.1616522Z Mon Oct  5 10:28:17 UTC 2026
nanoda	Check all exported declarations and resolve all registered targets	2026-10-05T10:28:17.1678901Z     PID     ELAPSED     TIME %CPU   RSS    VSZ STAT
nanoda	Check all exported declarations and resolve all registered targets	2026-10-05T10:28:17.1681078Z    2713    01:50:02 02:54:44  158 15637412 41132052 Sl
nanoda	Check all exported declarations and resolve all registered targets	2026-10-05T10:28:17.1691904Z 570476 BecknerOnofri.HighDim.ScalarCertificate.momentRange_sound
nanoda	Check all exported declarations and resolve all registered targets	2026-10-05T10:28:17.1701450Z 570241 BecknerOnofri.HighDim.ScalarCertificate.CertifiedMinorant.hullAccepted._proof_1_1
nanoda	Check all exported declarations and resolve all registered targets	2026-10-05T10:29:17.1729169Z Mon Oct  5 10:29:17 UTC 2026
nanoda	Check all exported declarations and resolve all registered targets	2026-10-05T10:29:17.2256540Z     PID     ELAPSED     TIME %CPU   RSS    VSZ STAT
nanoda	Check all exported declarations and resolve all registered targets	2026-10-05T10:29:17.2258965Z    2713    01:51:02 02:54:50  157 15598036 41132052 Sl
nanoda	Check all exported declarations and resolve all registered targets	2026-10-05T10:29:17.2259472Z 570476 BecknerOnofri.HighDim.ScalarCertificate.momentRange_sound
nanoda	Check all exported declarations and resolve all registered targets	2026-10-05T10:29:17.2261915Z 570241 BecknerOnofri.HighDim.ScalarCertificate.CertifiedMinorant.hullAccepted._proof_1_1
nanoda	Check all exported declarations and resolve all registered targets	2026-10-05T10:30:17.1902065Z Mon Oct  5 10:30:17 UTC 2026
nanoda	Check all exported declarations and resolve all registered targets	2026-10-05T10:30:17.2312378Z     PID     ELAPSED     TIME %CPU   RSS    VSZ STAT
nanoda	Check all exported declarations and resolve all registered targets	2026-10-05T10:30:17.2314865Z    2713    01:52:02 02:54:57  156 15630064 41132052 Sl
nanoda	Check all exported declarations and resolve all registered targets	2026-10-05T10:30:17.2336302Z 570476 BecknerOnofri.HighDim.ScalarCertificate.momentRange_sound
nanoda	Check all exported declarations and resolve all registered targets	2026-10-05T10:30:17.2348760Z 570241 BecknerOnofri.HighDim.ScalarCertificate.CertifiedMinorant.hullAccepted._proof_1_1
nanoda	Check all exported declarations and resolve all registered targets	2026-10-05T10:31:17.2561705Z Mon Oct  5 10:31:17 UTC 2026
nanoda	Check all exported declarations and resolve all registered targets	2026-10-05T10:31:17.2656792Z     PID     ELAPSED     TIME %CPU   RSS    VSZ STAT
nanoda	Check all exported declarations and resolve all registered targets	2026-10-05T10:31:17.2658893Z    2713    01:53:03 02:55:03  154 15626592 41132052 Sl
nanoda	Check all exported declarations and resolve all registered targets	2026-10-05T10:31:17.2674473Z 570476 BecknerOnofri.HighDim.ScalarCertificate.momentRange_sound
nanoda	Check all exported declarations and resolve all registered targets	2026-10-05T10:31:17.2686717Z 570241 BecknerOnofri.HighDim.ScalarCertificate.CertifiedMinorant.hullAccepted._proof_1_1
nanoda	Check all exported declarations and resolve all registered targets	2026-10-05T10:32:17.2723723Z Mon Oct  5 10:32:17 UTC 2026
nanoda	Check all exported declarations and resolve all registered targets	2026-10-05T10:32:17.2793336Z     PID     ELAPSED     TIME %CPU   RSS    VSZ STAT
nanoda	Check all exported declarations and resolve all registered targets	2026-10-05T10:32:17.2793682Z    2713    01:54:03 02:55:09  153 15585740 41132052 Sl
nanoda	Check all exported declarations and resolve all registered targets	2026-10-05T10:32:17.2966981Z 570476 BecknerOnofri.HighDim.ScalarCertificate.momentRange_sound
nanoda	Check all exported declarations and resolve all registered targets	2026-10-05T10:32:17.2967871Z 570241 BecknerOnofri.HighDim.ScalarCertificate.CertifiedMinorant.hullAccepted._proof_1_1
nanoda	Check all exported declarations and resolve all registered targets	2026-10-05T10:33:17.2856970Z Mon Oct  5 10:33:17 UTC 2026
nanoda	Check all exported declarations and resolve all registered targets	2026-10-05T10:33:17.2994599Z     PID     ELAPSED     TIME %CPU   RSS    VSZ STAT
nanoda	Check all exported declarations and resolve all registered targets	2026-10-05T10:33:17.3002360Z    2713    01:55:03 02:55:17  152 15623584 41132052 Sl
nanoda	Check all exported declarations and resolve all registered targets	2026-10-05T10:33:17.3095096Z 570476 BecknerOnofri.HighDim.ScalarCertificate.momentRange_sound
nanoda	Check all exported declarations and resolve all registered targets	2026-10-05T10:33:17.3194017Z 570241 BecknerOnofri.HighDim.ScalarCertificate.CertifiedMinorant.hullAccepted._proof_1_1
nanoda	Check all exported declarations and resolve all registered targets	2026-10-05T10:34:17.3240202Z Mon Oct  5 10:34:17 UTC 2026
nanoda	Check all exported declarations and resolve all registered targets	2026-10-05T10:34:17.3422881Z     PID     ELAPSED     TIME %CPU   RSS    VSZ STAT
nanoda	Check all exported declarations and resolve all registered targets	2026-10-05T10:34:17.3423467Z    2713    01:56:03 02:55:23  151 15641476 41132052 Sl
nanoda	Check all exported declarations and resolve all registered targets	2026-10-05T10:34:17.3424064Z 570476 BecknerOnofri.HighDim.ScalarCertificate.momentRange_sound
nanoda	Check all exported declarations and resolve all registered targets	2026-10-05T10:34:17.3429070Z 570241 BecknerOnofri.HighDim.ScalarCertificate.CertifiedMinorant.hullAccepted._proof_1_1
nanoda	Check all exported declarations and resolve all registered targets	2026-10-05T10:35:17.3481944Z Mon Oct  5 10:35:17 UTC 2026
nanoda	Check all exported declarations and resolve all registered targets	2026-10-05T10:35:17.3585112Z     PID     ELAPSED     TIME %CPU   RSS    VSZ STAT
nanoda	Check all exported declarations and resolve all registered targets	2026-10-05T10:35:17.3882152Z    2713    01:57:03 02:55:28  149 15635748 41132052 Sl
nanoda	Check all exported declarations and resolve all registered targets	2026-10-05T10:35:17.3884694Z 570476 BecknerOnofri.HighDim.ScalarCertificate.momentRange_sound
nanoda	Check all exported declarations and resolve all registered targets	2026-10-05T10:35:17.3887165Z 570241 BecknerOnofri.HighDim.ScalarCertificate.CertifiedMinorant.hullAccepted._proof_1_1
nanoda	Check all exported declarations and resolve all registered targets	2026-10-05T10:36:17.3651004Z Mon Oct  5 10:36:17 UTC 2026
nanoda	Check all exported declarations and resolve all registered targets	2026-10-05T10:36:17.3729095Z     PID     ELAPSED     TIME %CPU   RSS    VSZ STAT
nanoda	Check all exported declarations and resolve all registered targets	2026-10-05T10:36:17.3733545Z    2713    01:58:03 02:55:33  148 15641828 41132052 Sl
nanoda	Check all exported declarations and resolve all registered targets	2026-10-05T10:36:17.3758686Z 570476 BecknerOnofri.HighDim.ScalarCertificate.momentRange_sound
nanoda	Check all exported declarations and resolve all registered targets	2026-10-05T10:36:17.3770612Z 570241 BecknerOnofri.HighDim.ScalarCertificate.CertifiedMinorant.hullAccepted._proof_1_1
nanoda	Check all exported declarations and resolve all registered targets	2026-10-05T10:37:17.0130415Z ##[error]Process completed with exit code 143.
nanoda	Complete job	﻿2026-10-05T10:37:17.1488043Z Cleaning up orphan processes
nanoda	Complete job	2026-10-05T10:37:17.2671006Z ##[warning]Node.js 20 is deprecated. The following actions target Node.js 20 but are being forced to run on Node.js 24: actions/checkout@11d5960a326750d5838078e36cf38b85af677262. For more information see: https://github.blog/changelog/2025-09-19-deprecation-of-node-20-on-github-actions-runners/
