lean4lean	Set up job	﻿2026-10-05T11:09:53.4260141Z Current runner version: '2.337.0'
lean4lean	Set up job	2026-10-05T11:09:53.4286803Z ##[group]Runner Image Provisioner
lean4lean	Set up job	2026-10-05T11:09:53.4287736Z Hosted Compute Agent
lean4lean	Set up job	2026-10-05T11:09:53.4288329Z Version: 20260901.588
lean4lean	Set up job	2026-10-05T11:09:53.4289033Z Commit: f88ec8081b781fac6c440065ac7ff9e710ce3d0b
lean4lean	Set up job	2026-10-05T11:09:53.4289753Z Build Date: 2026-09-01T19:56:44Z
lean4lean	Set up job	2026-10-05T11:09:53.4290448Z Worker ID: {d244e1d4-48bf-4d4a-9210-fe34b0ea3129}
lean4lean	Set up job	2026-10-05T11:09:53.4291288Z Azure Region: westus
lean4lean	Set up job	2026-10-05T11:09:53.4291858Z ##[endgroup]
lean4lean	Set up job	2026-10-05T11:09:53.4293992Z ##[group]Operating System
lean4lean	Set up job	2026-10-05T11:09:53.4294675Z Ubuntu
lean4lean	Set up job	2026-10-05T11:09:53.4295250Z 24.04.5
lean4lean	Set up job	2026-10-05T11:09:53.4295836Z LTS
lean4lean	Set up job	2026-10-05T11:09:53.4296335Z ##[endgroup]
lean4lean	Set up job	2026-10-05T11:09:53.4296917Z ##[group]Runner Image
lean4lean	Set up job	2026-10-05T11:09:53.4297529Z Image: ubuntu-24.04
lean4lean	Set up job	2026-10-05T11:09:53.4298128Z Version: 20260927.320.1
lean4lean	Set up job	2026-10-05T11:09:53.4299277Z Included Software: https://github.com/actions/runner-images/blob/ubuntu24/20260927.320/images/ubuntu/Ubuntu2404-Readme.md
lean4lean	Set up job	2026-10-05T11:09:53.4301043Z Image Release: https://github.com/actions/runner-images/releases/tag/ubuntu24%2F20260927.320
lean4lean	Set up job	2026-10-05T11:09:53.4302032Z ##[endgroup]
lean4lean	Set up job	2026-10-05T11:09:53.4303611Z ##[group]GITHUB_TOKEN Permissions
lean4lean	Set up job	2026-10-05T11:09:53.4305766Z Contents: read
lean4lean	Set up job	2026-10-05T11:09:53.4306428Z Metadata: read
lean4lean	Set up job	2026-10-05T11:09:53.4307087Z ##[endgroup]
lean4lean	Set up job	2026-10-05T11:09:53.4309131Z Secret source: Actions
lean4lean	Set up job	2026-10-05T11:09:53.4310540Z Cache mode: write
lean4lean	Set up job	2026-10-05T11:09:53.4311337Z Prepare workflow directory
lean4lean	Set up job	2026-10-05T11:09:53.4666237Z Prepare all required actions
lean4lean	Set up job	2026-10-05T11:09:53.4737799Z Getting action download info
lean4lean	Set up job	2026-10-05T11:09:53.8450638Z Download action repository 'actions/checkout@11d5960a326750d5838078e36cf38b85af677262' (SHA:11d5960a326750d5838078e36cf38b85af677262)
lean4lean	Set up job	2026-10-05T11:09:54.3186019Z Download action repository 'actions/upload-artifact@ea165f8d65b6e75b540449e92b4886f43607fa02' (SHA:ea165f8d65b6e75b540449e92b4886f43607fa02)
lean4lean	Set up job	2026-10-05T11:09:54.5988602Z Complete job name: lean4lean
lean4lean	Run actions/checkout@11d5960a326750d5838078e36cf38b85af677262	﻿2026-10-05T11:09:54.6749091Z ##[group]Run actions/checkout@11d5960a326750d5838078e36cf38b85af677262
lean4lean	Run actions/checkout@11d5960a326750d5838078e36cf38b85af677262	2026-10-05T11:09:54.6750458Z with:
lean4lean	Run actions/checkout@11d5960a326750d5838078e36cf38b85af677262	2026-10-05T11:09:54.6751096Z   repository: yuhaolei-ctrl/Sharp-Beckner-Onofri-inequalities-Lean
lean4lean	Run actions/checkout@11d5960a326750d5838078e36cf38b85af677262	2026-10-05T11:09:54.6755491Z   token: ***
lean4lean	Run actions/checkout@11d5960a326750d5838078e36cf38b85af677262	2026-10-05T11:09:54.6755930Z   ssh-strict: true
lean4lean	Run actions/checkout@11d5960a326750d5838078e36cf38b85af677262	2026-10-05T11:09:54.6756355Z   ssh-user: git
lean4lean	Run actions/checkout@11d5960a326750d5838078e36cf38b85af677262	2026-10-05T11:09:54.6756786Z   persist-credentials: true
lean4lean	Run actions/checkout@11d5960a326750d5838078e36cf38b85af677262	2026-10-05T11:09:54.6757271Z   clean: true
lean4lean	Run actions/checkout@11d5960a326750d5838078e36cf38b85af677262	2026-10-05T11:09:54.6757717Z   sparse-checkout-cone-mode: true
lean4lean	Run actions/checkout@11d5960a326750d5838078e36cf38b85af677262	2026-10-05T11:09:54.6758223Z   fetch-depth: 1
lean4lean	Run actions/checkout@11d5960a326750d5838078e36cf38b85af677262	2026-10-05T11:09:54.6758649Z   fetch-tags: false
lean4lean	Run actions/checkout@11d5960a326750d5838078e36cf38b85af677262	2026-10-05T11:09:54.6759077Z   show-progress: true
lean4lean	Run actions/checkout@11d5960a326750d5838078e36cf38b85af677262	2026-10-05T11:09:54.6759514Z   lfs: false
lean4lean	Run actions/checkout@11d5960a326750d5838078e36cf38b85af677262	2026-10-05T11:09:54.6759913Z   submodules: false
lean4lean	Run actions/checkout@11d5960a326750d5838078e36cf38b85af677262	2026-10-05T11:09:54.6760355Z   set-safe-directory: true
lean4lean	Run actions/checkout@11d5960a326750d5838078e36cf38b85af677262	2026-10-05T11:09:54.6760853Z   allow-unsafe-pr-checkout: false
lean4lean	Run actions/checkout@11d5960a326750d5838078e36cf38b85af677262	2026-10-05T11:09:54.6761707Z ##[endgroup]
lean4lean	Run actions/checkout@11d5960a326750d5838078e36cf38b85af677262	2026-10-05T11:09:54.7779133Z Syncing repository: yuhaolei-ctrl/Sharp-Beckner-Onofri-inequalities-Lean
lean4lean	Run actions/checkout@11d5960a326750d5838078e36cf38b85af677262	2026-10-05T11:09:54.7781203Z ##[group]Getting Git version info
lean4lean	Run actions/checkout@11d5960a326750d5838078e36cf38b85af677262	2026-10-05T11:09:54.7782576Z Working directory is '/home/runner/work/Sharp-Beckner-Onofri-inequalities-Lean/Sharp-Beckner-Onofri-inequalities-Lean'
lean4lean	Run actions/checkout@11d5960a326750d5838078e36cf38b85af677262	2026-10-05T11:09:54.7783973Z [command]/usr/bin/git version
lean4lean	Run actions/checkout@11d5960a326750d5838078e36cf38b85af677262	2026-10-05T11:09:54.9288784Z git version 2.55.0
lean4lean	Run actions/checkout@11d5960a326750d5838078e36cf38b85af677262	2026-10-05T11:09:54.9312183Z ##[endgroup]
lean4lean	Run actions/checkout@11d5960a326750d5838078e36cf38b85af677262	2026-10-05T11:09:54.9329612Z Temporarily overriding HOME='/home/runner/work/_temp/bb135082-f01a-499c-85aa-c7b3fd9d2322' before making global git config changes
lean4lean	Run actions/checkout@11d5960a326750d5838078e36cf38b85af677262	2026-10-05T11:09:54.9332865Z Adding repository directory to the temporary git global config as a safe directory
lean4lean	Run actions/checkout@11d5960a326750d5838078e36cf38b85af677262	2026-10-05T11:09:54.9336993Z [command]/usr/bin/git config --global --add safe.directory /home/runner/work/Sharp-Beckner-Onofri-inequalities-Lean/Sharp-Beckner-Onofri-inequalities-Lean
lean4lean	Run actions/checkout@11d5960a326750d5838078e36cf38b85af677262	2026-10-05T11:09:54.9643526Z Deleting the contents of '/home/runner/work/Sharp-Beckner-Onofri-inequalities-Lean/Sharp-Beckner-Onofri-inequalities-Lean'
lean4lean	Run actions/checkout@11d5960a326750d5838078e36cf38b85af677262	2026-10-05T11:09:54.9646909Z ##[group]Initializing the repository
lean4lean	Run actions/checkout@11d5960a326750d5838078e36cf38b85af677262	2026-10-05T11:09:54.9652027Z [command]/usr/bin/git init /home/runner/work/Sharp-Beckner-Onofri-inequalities-Lean/Sharp-Beckner-Onofri-inequalities-Lean
lean4lean	Run actions/checkout@11d5960a326750d5838078e36cf38b85af677262	2026-10-05T11:09:55.0320807Z hint: Using 'master' as the name for the initial branch. This default branch name
lean4lean	Run actions/checkout@11d5960a326750d5838078e36cf38b85af677262	2026-10-05T11:09:55.0324043Z hint: will change to "main" in Git 3.0. To configure the initial branch name
lean4lean	Run actions/checkout@11d5960a326750d5838078e36cf38b85af677262	2026-10-05T11:09:55.0326558Z hint: to use in all of your new repositories, which will suppress this warning,
lean4lean	Run actions/checkout@11d5960a326750d5838078e36cf38b85af677262	2026-10-05T11:09:55.0328363Z hint: call:
lean4lean	Run actions/checkout@11d5960a326750d5838078e36cf38b85af677262	2026-10-05T11:09:55.0328999Z hint:
lean4lean	Run actions/checkout@11d5960a326750d5838078e36cf38b85af677262	2026-10-05T11:09:55.0329804Z hint: 	git config --global init.defaultBranch <name>
lean4lean	Run actions/checkout@11d5960a326750d5838078e36cf38b85af677262	2026-10-05T11:09:55.0330933Z hint:
lean4lean	Run actions/checkout@11d5960a326750d5838078e36cf38b85af677262	2026-10-05T11:09:55.0332213Z hint: Names commonly chosen instead of 'master' are 'main', 'trunk' and
lean4lean	Run actions/checkout@11d5960a326750d5838078e36cf38b85af677262	2026-10-05T11:09:55.0333966Z hint: 'development'. The just-created branch can be renamed via this command:
lean4lean	Run actions/checkout@11d5960a326750d5838078e36cf38b85af677262	2026-10-05T11:09:55.0335355Z hint:
lean4lean	Run actions/checkout@11d5960a326750d5838078e36cf38b85af677262	2026-10-05T11:09:55.0336100Z hint: 	git branch -m <name>
lean4lean	Run actions/checkout@11d5960a326750d5838078e36cf38b85af677262	2026-10-05T11:09:55.0337031Z hint:
lean4lean	Run actions/checkout@11d5960a326750d5838078e36cf38b85af677262	2026-10-05T11:09:55.0337787Z hint: Disable this message with "git config set advice.defaultBranchName false"
lean4lean	Run actions/checkout@11d5960a326750d5838078e36cf38b85af677262	2026-10-05T11:09:55.0339437Z Initialized empty Git repository in /home/runner/work/Sharp-Beckner-Onofri-inequalities-Lean/Sharp-Beckner-Onofri-inequalities-Lean/.git/
lean4lean	Run actions/checkout@11d5960a326750d5838078e36cf38b85af677262	2026-10-05T11:09:55.0342077Z [command]/usr/bin/git remote add origin https://github.com/yuhaolei-ctrl/Sharp-Beckner-Onofri-inequalities-Lean
lean4lean	Run actions/checkout@11d5960a326750d5838078e36cf38b85af677262	2026-10-05T11:09:55.0665190Z ##[endgroup]
lean4lean	Run actions/checkout@11d5960a326750d5838078e36cf38b85af677262	2026-10-05T11:09:55.0666382Z ##[group]Disabling automatic garbage collection
lean4lean	Run actions/checkout@11d5960a326750d5838078e36cf38b85af677262	2026-10-05T11:09:55.0668289Z [command]/usr/bin/git config --local gc.auto 0
lean4lean	Run actions/checkout@11d5960a326750d5838078e36cf38b85af677262	2026-10-05T11:09:55.0705318Z ##[endgroup]
lean4lean	Run actions/checkout@11d5960a326750d5838078e36cf38b85af677262	2026-10-05T11:09:55.0706219Z ##[group]Setting up auth
lean4lean	Run actions/checkout@11d5960a326750d5838078e36cf38b85af677262	2026-10-05T11:09:55.0712065Z [command]/usr/bin/git config --local --name-only --get-regexp core\.sshCommand
lean4lean	Run actions/checkout@11d5960a326750d5838078e36cf38b85af677262	2026-10-05T11:09:55.0746223Z [command]/usr/bin/git submodule foreach --recursive sh -c "git config --local --name-only --get-regexp 'core\.sshCommand' && git config --local --unset-all 'core.sshCommand' || :"
lean4lean	Run actions/checkout@11d5960a326750d5838078e36cf38b85af677262	2026-10-05T11:09:55.3123531Z [command]/usr/bin/git config --local --name-only --get-regexp http\.https\:\/\/github\.com\/\.extraheader
lean4lean	Run actions/checkout@11d5960a326750d5838078e36cf38b85af677262	2026-10-05T11:09:55.3164091Z [command]/usr/bin/git submodule foreach --recursive sh -c "git config --local --name-only --get-regexp 'http\.https\:\/\/github\.com\/\.extraheader' && git config --local --unset-all 'http.https://github.com/.extraheader' || :"
lean4lean	Run actions/checkout@11d5960a326750d5838078e36cf38b85af677262	2026-10-05T11:09:55.3393818Z [command]/usr/bin/git config --local --name-only --get-regexp ^includeIf\.gitdir:
lean4lean	Run actions/checkout@11d5960a326750d5838078e36cf38b85af677262	2026-10-05T11:09:55.3432635Z [command]/usr/bin/git submodule foreach --recursive git config --local --show-origin --name-only --get-regexp remote.origin.url
lean4lean	Run actions/checkout@11d5960a326750d5838078e36cf38b85af677262	2026-10-05T11:09:55.3658312Z [command]/usr/bin/git config --local http.https://github.com/.extraheader AUTHORIZATION: basic ***
lean4lean	Run actions/checkout@11d5960a326750d5838078e36cf38b85af677262	2026-10-05T11:09:55.3698494Z ##[endgroup]
lean4lean	Run actions/checkout@11d5960a326750d5838078e36cf38b85af677262	2026-10-05T11:09:55.3708294Z ##[group]Fetching the repository
lean4lean	Run actions/checkout@11d5960a326750d5838078e36cf38b85af677262	2026-10-05T11:09:55.3712066Z [command]/usr/bin/git -c protocol.version=2 fetch --no-tags --prune --no-recurse-submodules --depth=1 origin +7b62100794b4a64381cbcc6c3a6fede6364d32d0:refs/remotes/origin/main
lean4lean	Run actions/checkout@11d5960a326750d5838078e36cf38b85af677262	2026-10-05T11:09:57.1794223Z From https://github.com/yuhaolei-ctrl/Sharp-Beckner-Onofri-inequalities-Lean
lean4lean	Run actions/checkout@11d5960a326750d5838078e36cf38b85af677262	2026-10-05T11:09:57.1796201Z  * [new ref]         7b62100794b4a64381cbcc6c3a6fede6364d32d0 -> origin/main
lean4lean	Run actions/checkout@11d5960a326750d5838078e36cf38b85af677262	2026-10-05T11:09:57.1799982Z ##[endgroup]
lean4lean	Run actions/checkout@11d5960a326750d5838078e36cf38b85af677262	2026-10-05T11:09:57.1800972Z ##[group]Determining the checkout info
lean4lean	Run actions/checkout@11d5960a326750d5838078e36cf38b85af677262	2026-10-05T11:09:57.1801975Z ##[endgroup]
lean4lean	Run actions/checkout@11d5960a326750d5838078e36cf38b85af677262	2026-10-05T11:09:57.1810022Z [command]/usr/bin/git sparse-checkout disable
lean4lean	Run actions/checkout@11d5960a326750d5838078e36cf38b85af677262	2026-10-05T11:09:57.2049871Z [command]/usr/bin/git config --local --unset-all extensions.worktreeConfig
lean4lean	Run actions/checkout@11d5960a326750d5838078e36cf38b85af677262	2026-10-05T11:09:57.2088426Z ##[group]Checking out the ref
lean4lean	Run actions/checkout@11d5960a326750d5838078e36cf38b85af677262	2026-10-05T11:09:57.2088938Z [command]/usr/bin/git checkout --progress --force -B main refs/remotes/origin/main
lean4lean	Run actions/checkout@11d5960a326750d5838078e36cf38b85af677262	2026-10-05T11:09:57.8058686Z Switched to a new branch 'main'
lean4lean	Run actions/checkout@11d5960a326750d5838078e36cf38b85af677262	2026-10-05T11:09:57.8065407Z branch 'main' set up to track 'origin/main'.
lean4lean	Run actions/checkout@11d5960a326750d5838078e36cf38b85af677262	2026-10-05T11:09:57.8099261Z ##[endgroup]
lean4lean	Run actions/checkout@11d5960a326750d5838078e36cf38b85af677262	2026-10-05T11:09:57.8144081Z [command]/usr/bin/git log -1 --format=%H
lean4lean	Run actions/checkout@11d5960a326750d5838078e36cf38b85af677262	2026-10-05T11:09:57.8171208Z 7b62100794b4a64381cbcc6c3a6fede6364d32d0
lean4lean	Download and validate the exact certificate	﻿2026-10-05T11:09:57.8403149Z ##[group]Run set -o pipefail
lean4lean	Download and validate the exact certificate	2026-10-05T11:09:57.8403547Z ^[[36;1mset -o pipefail^[[0m
lean4lean	Download and validate the exact certificate	2026-10-05T11:09:57.8403819Z ^[[36;1mmkdir -p external-check^[[0m
lean4lean	Download and validate the exact certificate	2026-10-05T11:09:57.8404426Z ^[[36;1mgh release download "$CERT_RELEASE" --pattern solution.ndjson.gz --pattern certificate-export.json --dir external-check^[[0m
lean4lean	Download and validate the exact certificate	2026-10-05T11:09:57.8405192Z ^[[36;1mpython3 scripts/prepare_external_check.py | tee external-check/identity.log^[[0m
lean4lean	Download and validate the exact certificate	2026-10-05T11:09:57.9976341Z shell: /usr/bin/bash -e {0}
lean4lean	Download and validate the exact certificate	2026-10-05T11:09:57.9976684Z env:
lean4lean	Download and validate the exact certificate	2026-10-05T11:09:57.9980247Z   GH_TOKEN: ***
lean4lean	Download and validate the exact certificate	2026-10-05T11:09:57.9980639Z   GH_REPO: yuhaolei-ctrl/Sharp-Beckner-Onofri-inequalities-Lean
lean4lean	Download and validate the exact certificate	2026-10-05T11:09:57.9981141Z   CERT_RELEASE: certificate-20261005-d561980
lean4lean	Download and validate the exact certificate	2026-10-05T11:09:57.9981467Z ##[endgroup]
lean4lean	Download and validate the exact certificate	2026-10-05T11:10:36.5528542Z {
lean4lean	Download and validate the exact certificate	2026-10-05T11:10:36.5529986Z   "validated_export_sha256": "5c49eb455c7e931ada9e86dc1852612dac7c02f3ddb3430ba6a70133b76aec76",
lean4lean	Download and validate the exact certificate	2026-10-05T11:10:36.5531076Z   "source_commit": "d561980e2b10e1c431e1a1656a025bd41e7270dd",
lean4lean	Download and validate the exact certificate	2026-10-05T11:10:36.5531769Z   "target_count": 269,
lean4lean	Download and validate the exact certificate	2026-10-05T11:10:36.5532996Z   "source_manifest_sha256": "f7f23b1a9a2aeaafbbc61b1fa7e430fe0eb43ab3416413026df975a41fe71ff2"
lean4lean	Download and validate the exact certificate	2026-10-05T11:10:36.5534236Z }
lean4lean	Build the unmodified Arena-pinned Lean4Lean implementation	﻿2026-10-05T11:10:36.7033317Z ##[group]Run set -o pipefail
lean4lean	Build the unmodified Arena-pinned Lean4Lean implementation	2026-10-05T11:10:36.7033723Z ^[[36;1mset -o pipefail^[[0m
lean4lean	Build the unmodified Arena-pinned Lean4Lean implementation	2026-10-05T11:10:36.7034431Z ^[[36;1mcurl -fL --retry 3 https://github.com/leanprover/lean4/releases/download/v4.33.0-rc2/lean-4.33.0-rc2-linux.tar.zst -o /tmp/lean4lean-runtime.tar.zst^[[0m
lean4lean	Build the unmodified Arena-pinned Lean4Lean implementation	2026-10-05T11:10:36.7035488Z ^[[36;1mecho '48010c7d6264dc992574e9b0e09ece1f9c648e8f5106066b2cdb6834a6a60a6c  /tmp/lean4lean-runtime.tar.zst' | sha256sum -c -^[[0m
lean4lean	Build the unmodified Arena-pinned Lean4Lean implementation	2026-10-05T11:10:36.7036123Z ^[[36;1mmkdir -p .tools/lean4lean-runtime^[[0m
lean4lean	Build the unmodified Arena-pinned Lean4Lean implementation	2026-10-05T11:10:36.7036648Z ^[[36;1mtar --zstd -xf /tmp/lean4lean-runtime.tar.zst --strip-components=1 -C .tools/lean4lean-runtime^[[0m
lean4lean	Build the unmodified Arena-pinned Lean4Lean implementation	2026-10-05T11:10:36.7037231Z ^[[36;1mexport PATH="$PWD/.tools/lean4lean-runtime/bin:$PATH"^[[0m
lean4lean	Build the unmodified Arena-pinned Lean4Lean implementation	2026-10-05T11:10:36.7037705Z ^[[36;1mgit clone https://github.com/digama0/lean4lean .tools/lean4lean^[[0m
lean4lean	Build the unmodified Arena-pinned Lean4Lean implementation	2026-10-05T11:10:36.7038255Z ^[[36;1mgit -C .tools/lean4lean checkout --detach bce3448115f7819fc12d647fadd3bb090666637e^[[0m
lean4lean	Build the unmodified Arena-pinned Lean4Lean implementation	2026-10-05T11:10:36.7038854Z ^[[36;1mlake -d .tools/lean4lean build lean4lean 2>&1 | tee external-check/build.log^[[0m
lean4lean	Build the unmodified Arena-pinned Lean4Lean implementation	2026-10-05T11:10:36.7039379Z ^[[36;1mtest -z "$(git -C .tools/lean4lean diff --name-only)"^[[0m
lean4lean	Build the unmodified Arena-pinned Lean4Lean implementation	2026-10-05T11:10:36.7039932Z ^[[36;1msha256sum .tools/lean4lean/.lake/build/bin/lean4lean > external-check/checker-binary.sha256^[[0m
lean4lean	Build the unmodified Arena-pinned Lean4Lean implementation	2026-10-05T11:10:36.7040600Z ^[[36;1mcp .tools/lean4lean/lake-manifest.json external-check/checker-dependencies.json^[[0m
lean4lean	Build the unmodified Arena-pinned Lean4Lean implementation	2026-10-05T11:10:36.7041060Z ^[[36;1mpython3 - <<'PY'^[[0m
lean4lean	Build the unmodified Arena-pinned Lean4Lean implementation	2026-10-05T11:10:36.7041303Z ^[[36;1mimport json^[[0m
lean4lean	Build the unmodified Arena-pinned Lean4Lean implementation	2026-10-05T11:10:36.7041542Z ^[[36;1mfrom pathlib import Path^[[0m
lean4lean	Build the unmodified Arena-pinned Lean4Lean implementation	2026-10-05T11:10:36.7041945Z ^[[36;1mPath('external-check/runtime-settings.json').write_text(json.dumps({^[[0m
lean4lean	Build the unmodified Arena-pinned Lean4Lean implementation	2026-10-05T11:10:36.7042750Z ^[[36;1m    'checker_revision': 'bce3448115f7819fc12d647fadd3bb090666637e',^[[0m
lean4lean	Build the unmodified Arena-pinned Lean4Lean implementation	2026-10-05T11:10:36.7043188Z ^[[36;1m    'checker_runtime': 'Lean 4.33.0-rc2',^[[0m
lean4lean	Build the unmodified Arena-pinned Lean4Lean implementation	2026-10-05T11:10:36.7043538Z ^[[36;1m    'certificate_source_toolchain': 'Lean 4.32.0',^[[0m
lean4lean	Build the unmodified Arena-pinned Lean4Lean implementation	2026-10-05T11:10:36.7043866Z ^[[36;1m    'source_patch': None,^[[0m
lean4lean	Build the unmodified Arena-pinned Lean4Lean implementation	2026-10-05T11:10:36.7044413Z ^[[36;1m    'arguments': ['--import', '--verbose', '--config:whnf=10000000', '--config:whnfEager=100000000', '--config:lazyDelta=1000000'],^[[0m
lean4lean	Build the unmodified Arena-pinned Lean4Lean implementation	2026-10-05T11:10:36.7045130Z ^[[36;1m    'fuel_override_scope': 'larger finite reduction limits; checker rules unchanged',^[[0m
lean4lean	Build the unmodified Arena-pinned Lean4Lean implementation	2026-10-05T11:10:36.7045819Z ^[[36;1m    'implementation_relationship': 'Derived directly from the official C++ kernel; not independently designed',^[[0m
lean4lean	Build the unmodified Arena-pinned Lean4Lean implementation	2026-10-05T11:10:36.7046374Z ^[[36;1m    'certificate_recompiled': False^[[0m
lean4lean	Build the unmodified Arena-pinned Lean4Lean implementation	2026-10-05T11:10:36.7046669Z ^[[36;1m}, indent=2) + '\n')^[[0m
lean4lean	Build the unmodified Arena-pinned Lean4Lean implementation	2026-10-05T11:10:36.7046910Z ^[[36;1mPY^[[0m
lean4lean	Build the unmodified Arena-pinned Lean4Lean implementation	2026-10-05T11:10:36.7111617Z shell: /usr/bin/bash -e {0}
lean4lean	Build the unmodified Arena-pinned Lean4Lean implementation	2026-10-05T11:10:36.7112098Z ##[endgroup]
lean4lean	Build the unmodified Arena-pinned Lean4Lean implementation	2026-10-05T11:10:36.7656977Z   % Total    % Received % Xferd  Average Speed   Time    Time     Time  Current
lean4lean	Build the unmodified Arena-pinned Lean4Lean implementation	2026-10-05T11:10:36.7658045Z                                  Dload  Upload   Total   Spent    Left  Speed
lean4lean	Build the unmodified Arena-pinned Lean4Lean implementation	2026-10-05T11:10:36.7658612Z 
lean4lean	Build the unmodified Arena-pinned Lean4Lean implementation	2026-10-05T11:10:36.9892686Z   0     0    0     0    0     0      0      0 --:--:-- --:--:-- --:--:--     0
lean4lean	Build the unmodified Arena-pinned Lean4Lean implementation	2026-10-05T11:10:36.9893859Z   0     0    0     0    0     0      0      0 --:--:-- --:--:-- --:--:--     0
lean4lean	Build the unmodified Arena-pinned Lean4Lean implementation	2026-10-05T11:10:37.3187980Z 
lean4lean	Build the unmodified Arena-pinned Lean4Lean implementation	2026-10-05T11:10:38.3189986Z  12  548M   12 68.7M    0     0   124M      0  0:00:04 --:--:--  0:00:04  124M
lean4lean	Build the unmodified Arena-pinned Lean4Lean implementation	2026-10-05T11:10:39.3189235Z  46  548M   46  252M    0     0   162M      0  0:00:03  0:00:01  0:00:02  183M
lean4lean	Build the unmodified Arena-pinned Lean4Lean implementation	2026-10-05T11:10:39.5872024Z  86  548M   86  474M    0     0   186M      0  0:00:02  0:00:02 --:--:--  203M
lean4lean	Build the unmodified Arena-pinned Lean4Lean implementation	2026-10-05T11:10:39.5873093Z 100  548M  100  548M    0     0   194M      0  0:00:02  0:00:02 --:--:--  211M
lean4lean	Build the unmodified Arena-pinned Lean4Lean implementation	2026-10-05T11:10:40.0115756Z /tmp/lean4lean-runtime.tar.zst: OK
lean4lean	Build the unmodified Arena-pinned Lean4Lean implementation	2026-10-05T11:10:45.5436419Z Cloning into '.tools/lean4lean'...
lean4lean	Build the unmodified Arena-pinned Lean4Lean implementation	2026-10-05T11:10:47.0050013Z HEAD is now at bce3448 feat: Lean Kernel Arena runner
lean4lean	Build the unmodified Arena-pinned Lean4Lean implementation	2026-10-05T11:10:47.0516027Z info: lean4export: cloning https://github.com/leanprover/lean4export
lean4lean	Build the unmodified Arena-pinned Lean4Lean implementation	2026-10-05T11:10:48.6157097Z info: lean4export: checking out revision 'a3e35a584f59b390667db7269cd37fca8575e4bf'
lean4lean	Build the unmodified Arena-pinned Lean4Lean implementation	2026-10-05T11:10:48.6571323Z info: batteries: cloning https://github.com/leanprover-community/batteries
lean4lean	Build the unmodified Arena-pinned Lean4Lean implementation	2026-10-05T11:10:56.7130549Z info: batteries: checking out revision '76e1c118b0700b4ceafe99532e887d6431625e1a'
lean4lean	Build the unmodified Arena-pinned Lean4Lean implementation	2026-10-05T11:10:57.2393983Z ✔ [2/11] Built Lean4Lean.Declaration (445ms)
lean4lean	Build the unmodified Arena-pinned Lean4Lean implementation	2026-10-05T11:10:57.3393840Z ✔ [3/12] Built Lean4Lean.List (519ms)
lean4lean	Build the unmodified Arena-pinned Lean4Lean implementation	2026-10-05T11:10:57.5383853Z ✔ [4/12] Built Lean4Lean.Expr (697ms)
lean4lean	Build the unmodified Arena-pinned Lean4Lean implementation	2026-10-05T11:10:57.8401183Z ✔ [5/16] Built Lean4Lean.Instantiate (634ms)
lean4lean	Build the unmodified Arena-pinned Lean4Lean implementation	2026-10-05T11:10:57.8433041Z ✔ [6/16] Built Lean4Lean.LocalContext (512ms)
lean4lean	Build the unmodified Arena-pinned Lean4Lean implementation	2026-10-05T11:10:58.2403696Z ✔ [7/18] Built Batteries.Tactic.OpenPrivate (1.4s)
lean4lean	Build the unmodified Arena-pinned Lean4Lean implementation	2026-10-05T11:10:58.3393839Z ✔ [8/18] Built Lean4Lean.ForEachExprV (527ms)
lean4lean	Build the unmodified Arena-pinned Lean4Lean implementation	2026-10-05T11:10:59.1453997Z ✔ [9/20] Built Batteries.Tactic.SeqFocus (975ms)
lean4lean	Build the unmodified Arena-pinned Lean4Lean implementation	2026-10-05T11:10:59.2442317Z ✔ [10/22] Built Batteries.Tactic.Lint.Basic (1.3s)
lean4lean	Build the unmodified Arena-pinned Lean4Lean implementation	2026-10-05T11:10:59.6475733Z ✔ [11/22] Built Batteries.Util.Panic (483ms)
lean4lean	Build the unmodified Arena-pinned Lean4Lean implementation	2026-10-05T11:10:59.7463816Z ✔ [12/22] Built Lean4Lean.PtrEq (493ms)
lean4lean	Build the unmodified Arena-pinned Lean4Lean implementation	2026-10-05T11:10:59.9484048Z ✔ [13/22] Built Lean4Lean.Environment.Basic (1.6s)
lean4lean	Build the unmodified Arena-pinned Lean4Lean implementation	2026-10-05T11:11:00.4491512Z ✔ [14/22] Built Lean4Lean.FuelConfig (791ms)
lean4lean	Build the unmodified Arena-pinned Lean4Lean implementation	2026-10-05T11:11:00.7523711Z ✔ [15/31] Built Batteries.Tactic.Lint.Misc (1.1s)
lean4lean	Build the unmodified Arena-pinned Lean4Lean implementation	2026-10-05T11:11:01.3583543Z ✔ [16/31] Built Lean4Lean.Quot (1.4s)
lean4lean	Build the unmodified Arena-pinned Lean4Lean implementation	2026-10-05T11:11:01.5549439Z ✔ [17/31] Built Lean4Lean.Inductive.Reduce (1.0s)
lean4lean	Build the unmodified Arena-pinned Lean4Lean implementation	2026-10-05T11:11:02.4683949Z ✔ [21/63] Built Batteries.CodeAction.Deprecated (1.1s)
lean4lean	Build the unmodified Arena-pinned Lean4Lean implementation	2026-10-05T11:11:02.4716250Z ✔ [22/63] Built Lean4Lean.Declaration:c.o (267ms)
lean4lean	Build the unmodified Arena-pinned Lean4Lean implementation	2026-10-05T11:11:02.7673668Z ✔ [23/63] Built Lean4Lean.List:c.o (305ms)
lean4lean	Build the unmodified Arena-pinned Lean4Lean implementation	2026-10-05T11:11:03.5702156Z ✔ [24/63] Built Lean4Lean.Environment.Basic:c.o (824ms)
lean4lean	Build the unmodified Arena-pinned Lean4Lean implementation	2026-10-05T11:11:04.2677773Z ✔ [25/63] Built Lean4Lean.Level (6.8s)
lean4lean	Build the unmodified Arena-pinned Lean4Lean implementation	2026-10-05T11:11:04.3683758Z ✔ [26/63] Built Lean4Lean.Expr:c.o (813ms)
lean4lean	Build the unmodified Arena-pinned Lean4Lean implementation	2026-10-05T11:11:04.4683854Z ✔ [27/63] Built Lean4Lean.Instantiate:c.o (184ms)
lean4lean	Build the unmodified Arena-pinned Lean4Lean implementation	2026-10-05T11:11:04.5703862Z ✔ [28/63] Built Lean4Lean.LocalContext:c.o (164ms)
lean4lean	Build the unmodified Arena-pinned Lean4Lean implementation	2026-10-05T11:11:04.6693529Z ✔ [29/63] Built Batteries.Data.UnionFind.Basic (3.9s)
lean4lean	Build the unmodified Arena-pinned Lean4Lean implementation	2026-10-05T11:11:04.8694456Z ✔ [30/63] Built Batteries.Tactic.OpenPrivate:c.o (2.3s)
lean4lean	Build the unmodified Arena-pinned Lean4Lean implementation	2026-10-05T11:11:04.9703992Z ✔ [31/63] Built Lean4Lean.ForEachExprV:c.o (317ms)
lean4lean	Build the unmodified Arena-pinned Lean4Lean implementation	2026-10-05T11:11:05.0681932Z ✔ [32/63] Built Lean4Lean.Quot:c.o (547ms)
lean4lean	Build the unmodified Arena-pinned Lean4Lean implementation	2026-10-05T11:11:05.2693869Z ✔ [33/63] Built Lean4Lean.Inductive.Reduce:c.o (743ms)
lean4lean	Build the unmodified Arena-pinned Lean4Lean implementation	2026-10-05T11:11:05.4704389Z ✔ [34/63] Built Batteries.Util.Panic:c.o (130ms)
lean4lean	Build the unmodified Arena-pinned Lean4Lean implementation	2026-10-05T11:11:05.5703608Z ✔ [35/63] Built Lean4Lean.PtrEq:c.o (128ms)
lean4lean	Build the unmodified Arena-pinned Lean4Lean implementation	2026-10-05T11:11:05.7713955Z ✔ [36/63] Built Batteries.Tactic.SeqFocus:c.o (727ms)
lean4lean	Build the unmodified Arena-pinned Lean4Lean implementation	2026-10-05T11:11:05.9695345Z ✔ [37/63] Built Lean4Lean.FuelConfig:c.o (378ms)
lean4lean	Build the unmodified Arena-pinned Lean4Lean implementation	2026-10-05T11:11:06.1703833Z ✔ [38/63] Built Batteries.Tactic.Lint.Misc:c.o (1.2s)
lean4lean	Build the unmodified Arena-pinned Lean4Lean implementation	2026-10-05T11:11:06.4724105Z ✔ [39/63] Built Batteries.Tactic.Lint.Basic:c.o (1.6s)
lean4lean	Build the unmodified Arena-pinned Lean4Lean implementation	2026-10-05T11:11:06.9723411Z ✔ [40/63] Built Batteries.CodeAction.Deprecated:c.o (1.0s)
lean4lean	Build the unmodified Arena-pinned Lean4Lean implementation	2026-10-05T11:11:07.0743853Z ✔ [41/63] Built Batteries.Data.UnionFind.Basic:c.o (616ms)
lean4lean	Build the unmodified Arena-pinned Lean4Lean implementation	2026-10-05T11:11:08.6813779Z ✔ [42/63] Built Export.Parse (2.9s)
lean4lean	Build the unmodified Arena-pinned Lean4Lean implementation	2026-10-05T11:11:09.4830449Z ✔ [43/63] Built Batteries.Tactic.Alias (2.5s)
lean4lean	Build the unmodified Arena-pinned Lean4Lean implementation	2026-10-05T11:11:09.9836701Z ✔ [44/63] Built Lean4Lean.Level:c.o (3.8s)
lean4lean	Build the unmodified Arena-pinned Lean4Lean implementation	2026-10-05T11:11:10.0853676Z ✔ [45/63] Built Lean4Lean.EquivManager (3.0s)
lean4lean	Build the unmodified Arena-pinned Lean4Lean implementation	2026-10-05T11:11:11.0914412Z ✔ [46/63] Built Lean4Lean.EquivManager:c.o (1.0s)
lean4lean	Build the unmodified Arena-pinned Lean4Lean implementation	2026-10-05T11:11:13.6921850Z ✔ [47/63] Built Batteries.Tactic.Alias:c.o (4.2s)
lean4lean	Build the unmodified Arena-pinned Lean4Lean implementation	2026-10-05T11:11:15.3924622Z ✔ [48/63] Built Batteries.Data.List.Basic (5.4s)
lean4lean	Build the unmodified Arena-pinned Lean4Lean implementation	2026-10-05T11:11:15.3925457Z ✔ [49/63] Built Export.Parse:c.o (6.7s)
lean4lean	Build the unmodified Arena-pinned Lean4Lean implementation	2026-10-05T11:11:17.1983944Z ✔ [50/63] Built Lean4Lean.TypeChecker (6.0s)
lean4lean	Build the unmodified Arena-pinned Lean4Lean implementation	2026-10-05T11:11:18.0978263Z ✔ [51/63] Built Batteries.Data.List.Basic:c.o (2.7s)
lean4lean	Build the unmodified Arena-pinned Lean4Lean implementation	2026-10-05T11:11:21.4137157Z ✔ [52/63] Built Lean4Lean.Primitive (4.3s)
lean4lean	Build the unmodified Arena-pinned Lean4Lean implementation	2026-10-05T11:11:23.1172126Z ✔ [53/63] Built Lean4Lean.Inductive.Add (6.0s)
lean4lean	Build the unmodified Arena-pinned Lean4Lean implementation	2026-10-05T11:11:23.1188335Z ✔ [54/63] Built Lean4Lean.TypeChecker:c.o (5.9s)
lean4lean	Build the unmodified Arena-pinned Lean4Lean implementation	2026-10-05T11:11:25.7253809Z ✔ [55/63] Built Lean4Lean.Environment (2.6s)
lean4lean	Build the unmodified Arena-pinned Lean4Lean implementation	2026-10-05T11:11:26.0237594Z ✔ [56/63] Built Lean4Lean.Primitive:c.o (4.6s)
lean4lean	Build the unmodified Arena-pinned Lean4Lean implementation	2026-10-05T11:11:26.5242748Z ✔ [57/63] Built Lean4Lean.Environment:c.o (829ms)
lean4lean	Build the unmodified Arena-pinned Lean4Lean implementation	2026-10-05T11:11:27.7255546Z ✔ [58/63] Built Lean4Lean.Inductive.Add:c.o (4.6s)
lean4lean	Build the unmodified Arena-pinned Lean4Lean implementation	2026-10-05T11:11:28.2260768Z ✔ [59/63] Built Lean4Lean.Replay (2.4s)
lean4lean	Build the unmodified Arena-pinned Lean4Lean implementation	2026-10-05T11:11:29.3272825Z ✔ [60/63] Built Main (1.2s)
lean4lean	Build the unmodified Arena-pinned Lean4Lean implementation	2026-10-05T11:11:29.3273610Z ✔ [61/63] Built Lean4Lean.Replay:c.o (1.2s)
lean4lean	Build the unmodified Arena-pinned Lean4Lean implementation	2026-10-05T11:11:29.8278790Z ✔ [62/63] Built Main:c.o (530ms)
lean4lean	Build the unmodified Arena-pinned Lean4Lean implementation	2026-10-05T11:11:30.8298160Z ✔ [63/63] Built lean4lean:exe (966ms)
lean4lean	Build the unmodified Arena-pinned Lean4Lean implementation	2026-10-05T11:11:30.8307772Z Build completed successfully (63 jobs).
lean4lean	Accept valid and reject damaged proof controls	﻿2026-10-05T11:11:31.0452209Z ##[group]Run python3 - <<'PY'
lean4lean	Accept valid and reject damaged proof controls	2026-10-05T11:11:31.0452769Z ^[[36;1mpython3 - <<'PY'^[[0m
lean4lean	Accept valid and reject damaged proof controls	2026-10-05T11:11:31.0453046Z ^[[36;1mimport gzip, json, re, subprocess^[[0m
lean4lean	Accept valid and reject damaged proof controls	2026-10-05T11:11:31.0453359Z ^[[36;1mfrom pathlib import Path^[[0m
lean4lean	Accept valid and reject damaged proof controls	2026-10-05T11:11:31.0453642Z ^[[36;1mout = Path('external-check')^[[0m
lean4lean	Accept valid and reject damaged proof controls	2026-10-05T11:11:31.0454005Z ^[[36;1mbinary = '.tools/lean4lean/.lake/build/bin/lean4lean'^[[0m
lean4lean	Accept valid and reject damaged proof controls	2026-10-05T11:11:31.0454356Z ^[[36;1mresults = []^[[0m
lean4lean	Accept valid and reject damaged proof controls	2026-10-05T11:11:31.0454608Z ^[[36;1mfor name in ['valid', 'invalid']:^[[0m
lean4lean	Accept valid and reject damaged proof controls	2026-10-05T11:11:31.0454924Z ^[[36;1m    path = out / (name + '.ndjson')^[[0m
lean4lean	Accept valid and reject damaged proof controls	2026-10-05T11:11:31.0455463Z ^[[36;1m    path.write_bytes(gzip.decompress(Path('tests/kernel_controls/' + name + '.ndjson.gz').read_bytes()))^[[0m
lean4lean	Accept valid and reject damaged proof controls	2026-10-05T11:11:31.0456444Z ^[[36;1m    run = subprocess.run([binary, '--import', '--config:whnf=10000000', '--config:whnfEager=100000000', '--config:lazyDelta=1000000', str(path)], capture_output=True, text=True)^[[0m
lean4lean	Accept valid and reject damaged proof controls	2026-10-05T11:11:31.0457227Z ^[[36;1m    text = run.stdout + run.stderr^[[0m
lean4lean	Accept valid and reject damaged proof controls	2026-10-05T11:11:31.0457774Z ^[[36;1m    results.append({'control': name, 'exit_code': run.returncode, 'output': text})^[[0m
lean4lean	Accept valid and reject damaged proof controls	2026-10-05T11:11:31.0458341Z ^[[36;1m    (out / 'controls.json').write_text(json.dumps(results, indent=2) + '\n')^[[0m
lean4lean	Accept valid and reject damaged proof controls	2026-10-05T11:11:31.0458778Z ^[[36;1m    print(name, run.returncode, text)^[[0m
lean4lean	Accept valid and reject damaged proof controls	2026-10-05T11:11:31.0459081Z ^[[36;1m    if name == 'valid':^[[0m
lean4lean	Accept valid and reject damaged proof controls	2026-10-05T11:11:31.0459519Z ^[[36;1m        assert run.returncode == 0 and re.search(r'^checked [0-9]+ declarations$', text, re.M)^[[0m
lean4lean	Accept valid and reject damaged proof controls	2026-10-05T11:11:31.0459983Z ^[[36;1m    else:^[[0m
lean4lean	Accept valid and reject damaged proof controls	2026-10-05T11:11:31.0460346Z ^[[36;1m        assert run.returncode == 1 and '(kernel) declaration type mismatch' in text^[[0m
lean4lean	Accept valid and reject damaged proof controls	2026-10-05T11:11:31.0460758Z ^[[36;1mPY^[[0m
lean4lean	Accept valid and reject damaged proof controls	2026-10-05T11:11:31.0522952Z shell: /usr/bin/bash -e {0}
lean4lean	Accept valid and reject damaged proof controls	2026-10-05T11:11:31.0523228Z ##[endgroup]
lean4lean	Accept valid and reject damaged proof controls	2026-10-05T11:11:31.4165297Z valid 0 checked 433 declarations
lean4lean	Accept valid and reject damaged proof controls	2026-10-05T11:11:31.4165764Z 
lean4lean	Accept valid and reject damaged proof controls	2026-10-05T11:11:31.4166904Z invalid 1 PANIC at _private.Lean.Environment.0.Lean.EnvExtension.getStateImpl Lean.Environment:1375:4: invalid environment extension has been accessed
lean4lean	Accept valid and reject damaged proof controls	2026-10-05T11:11:31.4168948Z backtrace:
lean4lean	Accept valid and reject damaged proof controls	2026-10-05T11:11:31.4169660Z .tools/lean4lean/.lake/build/bin/lean4lean(+0x983f075) [0x558f5ee53075]
lean4lean	Accept valid and reject damaged proof controls	2026-10-05T11:11:31.4170785Z .tools/lean4lean/.lake/build/bin/lean4lean(+0x9836787) [0x558f5ee4a787]
lean4lean	Accept valid and reject damaged proof controls	2026-10-05T11:11:31.4172100Z .tools/lean4lean/.lake/build/bin/lean4lean(lean_panic_fn_borrowed+0x2b) [0x558f5ee4a86b]
lean4lean	Accept valid and reject damaged proof controls	2026-10-05T11:11:31.4174719Z .tools/lean4lean/.lake/build/bin/lean4lean(Lean.EnvExtension.getStateUnsafe [arity↓, private]+0x910) [0x558f58e1a990]
lean4lean	Accept valid and reject damaged proof controls	2026-10-05T11:11:31.4176553Z .tools/lean4lean/.lake/build/bin/lean4lean(Lean.ppExprWithInfos+0xee) [0x558f58e885fe]
lean4lean	Accept valid and reject damaged proof controls	2026-10-05T11:11:31.4177670Z .tools/lean4lean/.lake/build/bin/lean4lean(Lean.MessageData.ofExpr [λ]+0x110) [0x558f58ee0af0]
lean4lean	Accept valid and reject damaged proof controls	2026-10-05T11:11:31.4178296Z .tools/lean4lean/.lake/build/bin/lean4lean(<apply/2>+0x9e9) [0x558f5ee585e9]
lean4lean	Accept valid and reject damaged proof controls	2026-10-05T11:11:31.4178906Z .tools/lean4lean/.lake/build/bin/lean4lean(Lean.MessageData.formatAux+0x164) [0x558f58ee76e4]
lean4lean	Accept valid and reject damaged proof controls	2026-10-05T11:11:31.4179594Z .tools/lean4lean/.lake/build/bin/lean4lean(Lean.MessageData.formatAux+0xa2a) [0x558f58ee7faa]
lean4lean	Accept valid and reject damaged proof controls	2026-10-05T11:11:31.4180251Z .tools/lean4lean/.lake/build/bin/lean4lean(Lean.MessageData.formatAux+0x764) [0x558f58ee7ce4]
lean4lean	Accept valid and reject damaged proof controls	2026-10-05T11:11:31.4180897Z .tools/lean4lean/.lake/build/bin/lean4lean(Lean.MessageData.formatAux+0xa2a) [0x558f58ee7faa]
lean4lean	Accept valid and reject damaged proof controls	2026-10-05T11:11:31.4181541Z .tools/lean4lean/.lake/build/bin/lean4lean(Lean.MessageData.formatAux+0xa19) [0x558f58ee7f99]
lean4lean	Accept valid and reject damaged proof controls	2026-10-05T11:11:31.4182172Z .tools/lean4lean/.lake/build/bin/lean4lean(Lean.MessageData.formatAux+0xa19) [0x558f58ee7f99]
lean4lean	Accept valid and reject damaged proof controls	2026-10-05T11:11:31.4183171Z .tools/lean4lean/.lake/build/bin/lean4lean(Lean.MessageData.toString+0x15) [0x558f58ee8dc5]
lean4lean	Accept valid and reject damaged proof controls	2026-10-05T11:11:31.4184061Z .tools/lean4lean/.lake/build/bin/lean4lean(Lean4Lean.Replay.throwKernelException [arity↓] (lean4lean)+0x9fd) [0x558f58c1299d]
lean4lean	Accept valid and reject damaged proof controls	2026-10-05T11:11:31.4184986Z .tools/lean4lean/.lake/build/bin/lean4lean(Lean4Lean.Replay.replayConstant [λ] (lean4lean)+0x1b) [0x558f58c1547b]
lean4lean	Accept valid and reject damaged proof controls	2026-10-05T11:11:31.4186022Z .tools/lean4lean/.lake/build/bin/lean4lean(Lean4Lean.Replay.replayConstant (lean4lean)+0x76f) [0x558f58c16a9f]
lean4lean	Accept valid and reject damaged proof controls	2026-10-05T11:11:31.4187047Z .tools/lean4lean/.lake/build/bin/lean4lean(Std.DTreeMap.Internal.Impl.forInStep spec at Lean4Lean.Replay.replayConstants (lean4lean)+0x1b8) [0x558f58c17da8]
lean4lean	Accept valid and reject damaged proof controls	2026-10-05T11:11:31.4188155Z .tools/lean4lean/.lake/build/bin/lean4lean(Std.DTreeMap.Internal.Impl.forInStep spec at Lean4Lean.Replay.replayConstants (lean4lean)+0x14b) [0x558f58c17d3b]
lean4lean	Accept valid and reject damaged proof controls	2026-10-05T11:11:31.4189058Z .tools/lean4lean/.lake/build/bin/lean4lean(Lean4Lean.Replay.replay (lean4lean)+0x186) [0x558f58c1a6c6]
lean4lean	Accept valid and reject damaged proof controls	2026-10-05T11:11:31.4189669Z .tools/lean4lean/.lake/build/bin/lean4lean([lean] main+0xad3) [0x558f58a85e13]
lean4lean	Accept valid and reject damaged proof controls	2026-10-05T11:11:31.4190165Z .tools/lean4lean/.lake/build/bin/lean4lean(+0x97f7937) [0x558f5ee0b937]
lean4lean	Accept valid and reject damaged proof controls	2026-10-05T11:11:31.4190626Z .tools/lean4lean/.lake/build/bin/lean4lean(+0x97f7e05) [0x558f5ee0be05]
lean4lean	Accept valid and reject damaged proof controls	2026-10-05T11:11:31.4191061Z /lib/x86_64-linux-gnu/libc.so.6(+0x9cb84) [0x7ff81189cb84]
lean4lean	Accept valid and reject damaged proof controls	2026-10-05T11:11:31.4191449Z /lib/x86_64-linux-gnu/libc.so.6(+0x129ecc) [0x7ff811929ecc]
lean4lean	Accept valid and reject damaged proof controls	2026-10-05T11:11:31.4192156Z PANIC at _private.Lean.Environment.0.Lean.EnvExtension.getStateImpl Lean.Environment:1375:4: invalid environment extension has been accessed
lean4lean	Accept valid and reject damaged proof controls	2026-10-05T11:11:31.4193080Z backtrace:
lean4lean	Accept valid and reject damaged proof controls	2026-10-05T11:11:31.4193388Z .tools/lean4lean/.lake/build/bin/lean4lean(+0x983f075) [0x558f5ee53075]
lean4lean	Accept valid and reject damaged proof controls	2026-10-05T11:11:31.4193864Z .tools/lean4lean/.lake/build/bin/lean4lean(+0x9836787) [0x558f5ee4a787]
lean4lean	Accept valid and reject damaged proof controls	2026-10-05T11:11:31.4194388Z .tools/lean4lean/.lake/build/bin/lean4lean(lean_panic_fn_borrowed+0x2b) [0x558f5ee4a86b]
lean4lean	Accept valid and reject damaged proof controls	2026-10-05T11:11:31.4195221Z .tools/lean4lean/.lake/build/bin/lean4lean(Lean.EnvExtension.getStateUnsafe [arity↓, private]+0x910) [0x558f58e1a990]
lean4lean	Accept valid and reject damaged proof controls	2026-10-05T11:11:31.4196009Z .tools/lean4lean/.lake/build/bin/lean4lean(Lean.ppExprWithInfos+0xee) [0x558f58e885fe]
lean4lean	Accept valid and reject damaged proof controls	2026-10-05T11:11:31.4196697Z .tools/lean4lean/.lake/build/bin/lean4lean(Lean.MessageData.ofExpr [λ]+0x110) [0x558f58ee0af0]
lean4lean	Accept valid and reject damaged proof controls	2026-10-05T11:11:31.4197455Z .tools/lean4lean/.lake/build/bin/lean4lean(<apply/2>+0x9e9) [0x558f5ee585e9]
lean4lean	Accept valid and reject damaged proof controls	2026-10-05T11:11:31.4198024Z .tools/lean4lean/.lake/build/bin/lean4lean(Lean.MessageData.formatAux+0x164) [0x558f58ee76e4]
lean4lean	Accept valid and reject damaged proof controls	2026-10-05T11:11:31.4198658Z .tools/lean4lean/.lake/build/bin/lean4lean(Lean.MessageData.formatAux+0xa2a) [0x558f58ee7faa]
lean4lean	Accept valid and reject damaged proof controls	2026-10-05T11:11:31.4199285Z .tools/lean4lean/.lake/build/bin/lean4lean(Lean.MessageData.formatAux+0x764) [0x558f58ee7ce4]
lean4lean	Accept valid and reject damaged proof controls	2026-10-05T11:11:31.4199906Z .tools/lean4lean/.lake/build/bin/lean4lean(Lean.MessageData.formatAux+0xa2a) [0x558f58ee7faa]
lean4lean	Accept valid and reject damaged proof controls	2026-10-05T11:11:31.4200526Z .tools/lean4lean/.lake/build/bin/lean4lean(Lean.MessageData.toString+0x15) [0x558f58ee8dc5]
lean4lean	Accept valid and reject damaged proof controls	2026-10-05T11:11:31.4201368Z .tools/lean4lean/.lake/build/bin/lean4lean(Lean4Lean.Replay.throwKernelException [arity↓] (lean4lean)+0x9fd) [0x558f58c1299d]
lean4lean	Accept valid and reject damaged proof controls	2026-10-05T11:11:31.4202295Z .tools/lean4lean/.lake/build/bin/lean4lean(Lean4Lean.Replay.replayConstant [λ] (lean4lean)+0x1b) [0x558f58c1547b]
lean4lean	Accept valid and reject damaged proof controls	2026-10-05T11:11:31.4203345Z .tools/lean4lean/.lake/build/bin/lean4lean(Lean4Lean.Replay.replayConstant (lean4lean)+0x76f) [0x558f58c16a9f]
lean4lean	Accept valid and reject damaged proof controls	2026-10-05T11:11:31.4204280Z .tools/lean4lean/.lake/build/bin/lean4lean(Std.DTreeMap.Internal.Impl.forInStep spec at Lean4Lean.Replay.replayConstants (lean4lean)+0x1b8) [0x558f58c17da8]
lean4lean	Accept valid and reject damaged proof controls	2026-10-05T11:11:31.4205373Z .tools/lean4lean/.lake/build/bin/lean4lean(Std.DTreeMap.Internal.Impl.forInStep spec at Lean4Lean.Replay.replayConstants (lean4lean)+0x14b) [0x558f58c17d3b]
lean4lean	Accept valid and reject damaged proof controls	2026-10-05T11:11:31.4206261Z .tools/lean4lean/.lake/build/bin/lean4lean(Lean4Lean.Replay.replay (lean4lean)+0x186) [0x558f58c1a6c6]
lean4lean	Accept valid and reject damaged proof controls	2026-10-05T11:11:31.4206886Z .tools/lean4lean/.lake/build/bin/lean4lean([lean] main+0xad3) [0x558f58a85e13]
lean4lean	Accept valid and reject damaged proof controls	2026-10-05T11:11:31.4207382Z .tools/lean4lean/.lake/build/bin/lean4lean(+0x97f7937) [0x558f5ee0b937]
lean4lean	Accept valid and reject damaged proof controls	2026-10-05T11:11:31.4207844Z .tools/lean4lean/.lake/build/bin/lean4lean(+0x97f7e05) [0x558f5ee0be05]
lean4lean	Accept valid and reject damaged proof controls	2026-10-05T11:11:31.4208426Z /lib/x86_64-linux-gnu/libc.so.6(+0x9cb84) [0x7ff81189cb84]
lean4lean	Accept valid and reject damaged proof controls	2026-10-05T11:11:31.4208814Z /lib/x86_64-linux-gnu/libc.so.6(+0x129ecc) [0x7ff811929ecc]
lean4lean	Accept valid and reject damaged proof controls	2026-10-05T11:11:31.4209377Z uncaught exception: at certificateControl: (kernel) declaration type mismatch, 'certificateControl' has type
lean4lean	Accept valid and reject damaged proof controls	2026-10-05T11:11:31.4210164Z   [Error pretty printing expression: (`Inhabited.default` for `IO.Error`). Falling back to raw printer.]
lean4lean	Accept valid and reject damaged proof controls	2026-10-05T11:11:31.4210666Z   Prop
lean4lean	Accept valid and reject damaged proof controls	2026-10-05T11:11:31.4210874Z but it is expected to have type
lean4lean	Accept valid and reject damaged proof controls	2026-10-05T11:11:31.4211343Z   [Error pretty printing expression: (`Inhabited.default` for `IO.Error`). Falling back to raw printer.]
lean4lean	Accept valid and reject damaged proof controls	2026-10-05T11:11:31.4212549Z   Eq.{1} Nat (HAdd.hAdd.{0, 0, 0} Nat Nat Nat (instHAdd.{0} Nat instAddNat) (OfNat.ofNat.{0} Nat 2 (instOfNatNat 2)) (OfNat.ofNat.{0} Nat 2 (instOfNatNat 2))) (OfNat.ofNat.{0} Nat 4 (instOfNatNat 4))
lean4lean	Accept valid and reject damaged proof controls	2026-10-05T11:11:31.4213231Z 
lean4lean	Replay the entire exact certificate with Lean4Lean	﻿2026-10-05T11:11:31.4249786Z ##[group]Run set -o pipefail
lean4lean	Replay the entire exact certificate with Lean4Lean	2026-10-05T11:11:31.4250174Z ^[[36;1mset -o pipefail^[[0m
lean4lean	Replay the entire exact certificate with Lean4Lean	2026-10-05T11:11:31.4250426Z ^[[36;1mulimit -c 0^[[0m
lean4lean	Replay the entire exact certificate with Lean4Lean	2026-10-05T11:11:31.4250657Z ^[[36;1m(while sleep 60; do^[[0m
lean4lean	Replay the entire exact certificate with Lean4Lean	2026-10-05T11:11:31.4250901Z ^[[36;1m  date -u^[[0m
lean4lean	Replay the entire exact certificate with Lean4Lean	2026-10-05T11:11:31.4251186Z ^[[36;1m  tail -n 2 external-check/lean4lean.log || true^[[0m
lean4lean	Replay the entire exact certificate with Lean4Lean	2026-10-05T11:11:31.4251518Z ^[[36;1mdone) &^[[0m
lean4lean	Replay the entire exact certificate with Lean4Lean	2026-10-05T11:11:31.4251740Z ^[[36;1mmonitor_pid=$!^[[0m
lean4lean	Replay the entire exact certificate with Lean4Lean	2026-10-05T11:11:31.4252038Z ^[[36;1mtrap 'kill "$monitor_pid" 2>/dev/null || true' EXIT^[[0m
lean4lean	Replay the entire exact certificate with Lean4Lean	2026-10-05T11:11:31.4253349Z ^[[36;1m/usr/bin/time -v .tools/lean4lean/.lake/build/bin/lean4lean --import --verbose --config:whnf=10000000 --config:whnfEager=100000000 --config:lazyDelta=1000000 external-check/solution.ndjson > external-check/lean4lean.log 2>&1^[[0m
lean4lean	Replay the entire exact certificate with Lean4Lean	2026-10-05T11:11:31.4254348Z ^[[36;1mtail -n 30 external-check/lean4lean.log^[[0m
lean4lean	Replay the entire exact certificate with Lean4Lean	2026-10-05T11:11:31.4254661Z ^[[36;1mpython3 - <<'PY'^[[0m
lean4lean	Replay the entire exact certificate with Lean4Lean	2026-10-05T11:11:31.4254904Z ^[[36;1mimport re^[[0m
lean4lean	Replay the entire exact certificate with Lean4Lean	2026-10-05T11:11:31.4255141Z ^[[36;1mfrom pathlib import Path^[[0m
lean4lean	Replay the entire exact certificate with Lean4Lean	2026-10-05T11:11:31.4255687Z ^[[36;1mtext = Path('external-check/lean4lean.log').read_text()^[[0m
lean4lean	Replay the entire exact certificate with Lean4Lean	2026-10-05T11:11:31.4256139Z ^[[36;1massert re.search(r'^checked [0-9]+ declarations$', text, re.M)^[[0m
lean4lean	Replay the entire exact certificate with Lean4Lean	2026-10-05T11:11:31.4256503Z ^[[36;1mPY^[[0m
lean4lean	Replay the entire exact certificate with Lean4Lean	2026-10-05T11:11:31.4319990Z shell: /usr/bin/bash -e {0}
lean4lean	Replay the entire exact certificate with Lean4Lean	2026-10-05T11:11:31.4320269Z ##[endgroup]
lean4lean	Replay the entire exact certificate with Lean4Lean	2026-10-05T11:12:31.4431376Z Mon Oct  5 11:12:31 UTC 2026
lean4lean	Replay the entire exact certificate with Lean4Lean	2026-10-05T11:13:31.4477464Z Mon Oct  5 11:13:31 UTC 2026
lean4lean	Replay the entire exact certificate with Lean4Lean	2026-10-05T11:13:31.4488611Z adding thmDecl le_csInf_iff
lean4lean	Replay the entire exact certificate with Lean4Lean	2026-10-05T11:14:31.4515900Z adding defnDecl _private.Mathlib.Analysis.NoMon Oct  5 11:14:31 UTC 2026
lean4lean	Replay the entire exact certificate with Lean4Lean	2026-10-05T11:14:31.4527782Z adding defnDecl BecknerOnofri.HighDim.EntropyTail.ExpCertificate.Entry.lower
lean4lean	Replay the entire exact certificate with Lean4Lean	2026-10-05T11:15:31.4556400Z adding defnDecl BecknerOnofri.HighDim.EntMon Oct  5 11:15:31 UTC 2026
lean4lean	Replay the entire exact certificate with Lean4Lean	2026-10-05T11:15:31.4568183Z adding thmDecl BecknerOnofri.HighDim.EntropyTail.ExpCertificate.Exp0004.accepted._proof_1_1
lean4lean	Replay the entire exact certificate with Lean4Lean	2026-10-05T11:16:31.4596160Z [aMon Oct  5 11:16:31 UTC 2026
lean4lean	Replay the entire exact certificate with Lean4Lean	2026-10-05T11:16:31.4607477Z adding thmDecl BecknerOnofri.HighDim.EntropyTail.ExpCertificate.Exp0004.accepted._proof_1_1
lean4lean	Replay the entire exact certificate with Lean4Lean	2026-10-05T11:17:31.4634693Z [aMon Oct  5 11:17:31 UTC 2026
lean4lean	Replay the entire exact certificate with Lean4Lean	2026-10-05T11:17:31.4645797Z adding thmDecl BecknerOnofri.HighDim.ScalarCertificate.GammaPanel1558.leftBessels._proof_1
lean4lean	Replay the entire exact certificate with Lean4Lean	2026-10-05T11:18:31.4671629Z adding thmDecl BecknerOnofri.HighDim.ScalarCertificate.GammaPanel1558.leftBesseMon Oct  5 11:18:31 UTC 2026
lean4lean	Replay the entire exact certificate with Lean4Lean	2026-10-05T11:18:31.4681626Z adding thmDecl BecknerOnofri.HighDim.ScalarCertificate.GammaPanel2207.midBessels._proof_1
lean4lean	Replay the entire exact certificate with Lean4Lean	2026-10-05T11:19:31.4707518Z adding thmDecl BecknerOnofri.HighDiMon Oct  5 11:19:31 UTC 2026
lean4lean	Replay the entire exact certificate with Lean4Lean	2026-10-05T11:19:31.4717854Z adding defnDecl BecknerOnofri.HighDim.ScalarCertificate.GammaPanel2540.leftPoint
lean4lean	Replay the entire exact certificate with Lean4Lean	2026-10-05T11:20:31.4749100Z adding defnDecl BecknerOnofri.HighDim.ScalarCertificaMon Oct  5 11:20:31 UTC 2026
lean4lean	Replay the entire exact certificate with Lean4Lean	2026-10-05T11:20:31.4759304Z adding defnDecl BecknerOnofri.HighDim.EntropyTail.ExpCertificate.Exp0113.entries
lean4lean	Replay the entire exact certificate with Lean4Lean	2026-10-05T11:21:31.4787356Z adding thmDecl BecknerOnofri.HigMon Oct  5 11:21:31 UTC 2026
lean4lean	Replay the entire exact certificate with Lean4Lean	2026-10-05T11:21:31.4798688Z adding defnDecl BecknerOnofri.HighDim.ScalarCertificate.GammaPanel2698.wholeT
lean4lean	Replay the entire exact certificate with Lean4Lean	2026-10-05T11:22:31.4828432Z adding thmDecl BecknerOnofri.HighDim.ScalarCertificate.GammaPaMon Oct  5 11:22:31 UTC 2026
lean4lean	Replay the entire exact certificate with Lean4Lean	2026-10-05T11:22:31.4843315Z adding defnDecl BecknerOnofri.HighDim.ScalarCertificate.GammaPanel0816.midPoint
lean4lean	Replay the entire exact certificate with Lean4Lean	2026-10-05T11:23:31.4866625Z adding defnDecl BecknerOnofri.Mon Oct  5 11:23:31 UTC 2026
lean4lean	Replay the entire exact certificate with Lean4Lean	2026-10-05T11:23:31.4878207Z adding thmDecl BecknerOnofri.HighDim.EntropyTail.HeatCertificate.Panels0195.e074385._proof_1
lean4lean	Replay the entire exact certificate with Lean4Lean	2026-10-05T11:24:31.4905948Z adding thmDecl BecknerOnofri.HighDim.EntropyTail.HeatCertificate.Panels0195.e074385.Mon Oct  5 11:24:31 UTC 2026
lean4lean	Replay the entire exact certificate with Lean4Lean	2026-10-05T11:24:31.4917054Z adding thmDecl CovBy.ne
lean4lean	Replay the entire exact certificate with Lean4Lean	2026-10-05T11:25:31.4945832Z adding thmDecl _private.Mathlib.Topology.Order.BasicMon Oct  5 11:25:31 UTC 2026
lean4lean	Replay the entire exact certificate with Lean4Lean	2026-10-05T11:25:31.4956119Z adding thmDecl BecknerOnofri.HighDim.ScalarCertificate.BracketBatch0045.accepted0733
lean4lean	Replay the entire exact certificate with Lean4Lean	2026-10-05T11:26:31.4985945Z adding defnDecl BecknerOnofri.HighDim.ScalarCertificate.BracketBatch0045.bracket0Mon Oct  5 11:26:31 UTC 2026
lean4lean	Replay the entire exact certificate with Lean4Lean	2026-10-05T11:26:31.4997729Z adding thmDecl BecknerOnofri.HighDim.EntropyTail.HeatCertificate.Panels0158.e046026._proof_2
lean4lean	Replay the entire exact certificate with Lean4Lean	2026-10-05T11:27:31.5023997Z adding thMon Oct  5 11:27:31 UTC 2026
lean4lean	Replay the entire exact certificate with Lean4Lean	2026-10-05T11:27:31.5035298Z adding thmDecl BecknerOnofri.HighDim.EntropyTail.HeatCertificate.Panels0158.weights_checked._proof_1_1
lean4lean	Replay the entire exact certificate with Lean4Lean	2026-10-05T11:28:31.5063604Z [anonymous]:thmDecl BecknerOnofri.HighDim.EntropyTail.HeatCertificate.PMon Oct  5 11:28:31 UTC 2026
lean4lean	Replay the entire exact certificate with Lean4Lean	2026-10-05T11:28:31.5074340Z adding thmDecl BecknerOnofri.HighDim.ScalarCertificate.BesselBatch0620.accepted
lean4lean	Replay the entire exact certificate with Lean4Lean	2026-10-05T11:29:31.5100458Z addingMon Oct  5 11:29:31 UTC 2026
lean4lean	Replay the entire exact certificate with Lean4Lean	2026-10-05T11:29:31.5111130Z adding thmDecl BecknerOnofri.HighDim.EntropyTail.HeatCertificate.Panels0088.e022628._proof_2
lean4lean	Replay the entire exact certificate with Lean4Lean	2026-10-05T11:30:31.5138039Z adding thmDecl BecknerOnofri.HighDim.EntropyTail.HeatCertificate.Panels0088.e022628._proof_3Mon Oct  5 11:30:31 UTC 2026
lean4lean	Replay the entire exact certificate with Lean4Lean	2026-10-05T11:30:31.5148488Z adding thmDecl BecknerOnofri.HighDim.EntropyLogCertificate.ScalarLogs0317.accepted._proof_1_1
lean4lean	Replay the entire exact certificate with Lean4Lean	2026-10-05T11:31:31.5175403Z [anonymousMon Oct  5 11:31:31 UTC 2026
lean4lean	Replay the entire exact certificate with Lean4Lean	2026-10-05T11:31:31.5185960Z adding thmDecl BecknerOnofri.HighDim.EntropyTail.ExpCertificate.Exp0338.accepted._proof_1_1
lean4lean	Replay the entire exact certificate with Lean4Lean	2026-10-05T11:32:31.5213579Z [anonymous]:thmDecl BecknerOnofri.HighDim.EntropyTail.ExpCertificate.Exp0338.accepted._proof_1_1: lean4lean tMon Oct  5 11:32:31 UTC 2026
lean4lean	Replay the entire exact certificate with Lean4Lean	2026-10-05T11:32:31.5223295Z adding thmDecl BecknerOnofri.HighDim.ScalarCertificate.GammaPanel0458.point_zu._proof_1
lean4lean	Replay the entire exact certificate with Lean4Lean	2026-10-05T11:33:31.5250456Z addinMon Oct  5 11:33:31 UTC 2026
lean4lean	Replay the entire exact certificate with Lean4Lean	2026-10-05T11:33:31.5261036Z adding defnDecl BecknerOnofri.HighDim.ScalarCertificate.GammaPanel1494.rightPoint
lean4lean	Replay the entire exact certificate with Lean4Lean	2026-10-05T11:34:31.5288195Z adding defnDecl BecknerOnofri.Mon Oct  5 11:34:31 UTC 2026
lean4lean	Replay the entire exact certificate with Lean4Lean	2026-10-05T11:34:31.5299441Z adding defnDecl BecknerOnofri.HighDim.ScalarCertificate.GammaPanel1494.rightPoint
lean4lean	Replay the entire exact certificate with Lean4Lean	2026-10-05T11:35:31.5330398Z adding defnDecl BecknerOnofri.Mon Oct  5 11:35:31 UTC 2026
lean4lean	Replay the entire exact certificate with Lean4Lean	2026-10-05T11:35:31.5339932Z adding thmDecl BecknerOnofri.HighDim.ScalarCertificate.BesselBatch0275.accepted._proof_1_1
lean4lean	Replay the entire exact certificate with Lean4Lean	2026-10-05T11:36:31.5366704Z [anonymous]:thmDecl BecknerOnofri.HighDim.ScalMon Oct  5 11:36:31 UTC 2026
lean4lean	Replay the entire exact certificate with Lean4Lean	2026-10-05T11:36:31.5378516Z adding thmDecl BecknerOnofri.HighDim.ScalarCertificate.GammaPanel1111.leftBessels._proof_3
lean4lean	Replay the entire exact certificate with Lean4Lean	2026-10-05T11:37:31.5406522Z adding thmDecl BecknerOnofri.HighDim.ScalarCertificate.GammaPanel1111Mon Oct  5 11:37:31 UTC 2026
lean4lean	Replay the entire exact certificate with Lean4Lean	2026-10-05T11:37:31.5417928Z adding thmDecl BecknerOnofri.HighDim.EntropyTail.ExpCertificate.Exp0125.accepted._proof_1_1
lean4lean	Replay the entire exact certificate with Lean4Lean	2026-10-05T11:38:31.5445503Z [anonymous]:thmDecl BecknerOnofri.HighDim.EntropyTail.ExpCertificateMon Oct  5 11:38:31 UTC 2026
lean4lean	Replay the entire exact certificate with Lean4Lean	2026-10-05T11:38:31.5457125Z adding thmDecl _private.Mathlib.Analysis.Normed.Lp.PiLp.0.PiLp.pseudoEmetricAux._simp_1
lean4lean	Replay the entire exact certificate with Lean4Lean	2026-10-05T11:39:31.5482717Z adding thmDecMon Oct  5 11:39:31 UTC 2026
lean4lean	Replay the entire exact certificate with Lean4Lean	2026-10-05T11:39:31.5494310Z adding defnDecl BecknerOnofri.HighDim.ScalarCertificate.BesselBatch0132.rows
lean4lean	Replay the entire exact certificate with Lean4Lean	2026-10-05T11:40:31.5523603Z adding thmDecl BecknerOnofri.HighDim.ScalarCertificate.BesselBatch0132.accepted._proof_1_1Mon Oct  5 11:40:31 UTC 2026
lean4lean	Replay the entire exact certificate with Lean4Lean	2026-10-05T11:40:31.5533558Z adding defnDecl BecknerOnofri.HighDim.ScalarCertificate.GammaPanel0729.midPoint
lean4lean	Replay the entire exact certificate with Lean4Lean	2026-10-05T11:41:31.5560333Z adding thmDecl BecknerOnofri.HighDim.ScalarCertificate.GammaPanel0729.point_wl._proofMon Oct  5 11:41:31 UTC 2026
lean4lean	Replay the entire exact certificate with Lean4Lean	2026-10-05T11:41:31.5570769Z adding thmDecl BecknerOnofri.HighDim.ScalarCertificate.BesselBatch0143.accepted._proof_1_1
lean4lean	Replay the entire exact certificate with Lean4Lean	2026-10-05T11:42:31.5596855Z [anonymous]:thmDecl BecknerOnofri.HighMon Oct  5 11:42:31 UTC 2026
lean4lean	Replay the entire exact certificate with Lean4Lean	2026-10-05T11:42:31.5608195Z adding thmDecl BecknerOnofri.HighDim.EntropyTail.HeatCertificate.Panels0136.e034859._proof_1
lean4lean	Replay the entire exact certificate with Lean4Lean	2026-10-05T11:43:31.5636951Z adding defnDecl BecknerOnofri.HighDim.EntropyTail.ExpCertificate.Mon Oct  5 11:43:31 UTC 2026
lean4lean	Replay the entire exact certificate with Lean4Lean	2026-10-05T11:43:31.5647510Z adding thmDecl BecknerOnofri.HighDim.ScalarCertificate.GammaPanel2938.midBessels._proof_4
lean4lean	Replay the entire exact certificate with Lean4Lean	2026-10-05T11:44:31.5674268Z adding thmDecl BecknerOnofri.HighDim.ScalMon Oct  5 11:44:31 UTC 2026
lean4lean	Replay the entire exact certificate with Lean4Lean	2026-10-05T11:44:31.5685246Z adding thmDecl BecknerOnofri.HighDim.ScalarCertificate.BracketBatch0017.lo0284b0._proof_1
lean4lean	Replay the entire exact certificate with Lean4Lean	2026-10-05T11:45:31.5713858Z adding defnDecl BecknerOnofri.HighDim.SMon Oct  5 11:45:31 UTC 2026
lean4lean	Replay the entire exact certificate with Lean4Lean	2026-10-05T11:45:31.5725356Z adding thmDecl BecknerOnofri.HighDim.ScalarCertificate.GammaPanel2856.leftBessels._proof_2
lean4lean	Replay the entire exact certificate with Lean4Lean	2026-10-05T11:46:31.5752298Z adding thmDecl BecknerOnofri.HighDim.ScalarCertiMon Oct  5 11:46:31 UTC 2026
lean4lean	Replay the entire exact certificate with Lean4Lean	2026-10-05T11:46:31.5763343Z adding thmDecl BecknerOnofri.HighDim.EntropyLogCertificate.ScalarLogs0090.accepted
lean4lean	Replay the entire exact certificate with Lean4Lean	2026-10-05T11:47:31.5789621Z adding defnDecl BecknerOMon Oct  5 11:47:31 UTC 2026
lean4lean	Replay the entire exact certificate with Lean4Lean	2026-10-05T11:47:31.5800460Z adding thmDecl BecknerOnofri.HighDim.ScalarCertificate.GammaPanel0775.midBessels._proof_3
lean4lean	Replay the entire exact certificate with Lean4Lean	2026-10-05T11:48:31.5827460Z adding defnDecl BecknerOnofri.HighDim.ScalarCertificate.GammaPanel0775.midBeMon Oct  5 11:48:31 UTC 2026
lean4lean	Replay the entire exact certificate with Lean4Lean	2026-10-05T11:48:31.5837757Z adding thmDecl BecknerOnofri.HighDim.ScalarCertificate.GammaPanel2849.rightBessels._proof_5
lean4lean	Replay the entire exact certificate with Lean4Lean	2026-10-05T11:49:31.5864495Z adding thMon Oct  5 11:49:31 UTC 2026
lean4lean	Replay the entire exact certificate with Lean4Lean	2026-10-05T11:49:31.5875323Z adding thmDecl BecknerOnofri.HighDim.ScalarCertificate.GammaPanel1556.leftBessels._proof_5
lean4lean	Replay the entire exact certificate with Lean4Lean	2026-10-05T11:50:31.5904922Z adding thmDecl BecknerOnofri.HighDim.ScalarCertificate.GammaPaneMon Oct  5 11:50:31 UTC 2026
lean4lean	Replay the entire exact certificate with Lean4Lean	2026-10-05T11:50:31.5914958Z adding defnDecl BecknerOnofri.HighDim.Spin.fastGradientBound
lean4lean	Replay the entire exact certificate with Lean4Lean	2026-10-05T11:51:31.5941859Z adding defnDecl Mon Oct  5 11:51:31 UTC 2026
lean4lean	Replay the entire exact certificate with Lean4Lean	2026-10-05T11:51:31.5952426Z adding thmDecl BecknerOnofri.HighDim.EntropyTail.HeatCertificate.Panels0153.e042276._proof_2
lean4lean	Replay the entire exact certificate with Lean4Lean	2026-10-05T11:52:31.5980242Z adding thmDecl BecknerOnofri.HighDim.EntropyTail.HeatCertificate.PMon Oct  5 11:52:31 UTC 2026
lean4lean	Replay the entire exact certificate with Lean4Lean	2026-10-05T11:52:31.5992001Z [anonymous]:thmDecl BecknerOnofri.HighDim.EntropyTail.ExpCertificate.Exp0114.accepted._proof_1_1: lean4lean took 23561
lean4lean	Replay the entire exact certificate with Lean4Lean	2026-10-05T11:53:31.6019105Z aMon Oct  5 11:53:31 UTC 2026
lean4lean	Replay the entire exact certificate with Lean4Lean	2026-10-05T11:53:31.6029715Z adding thmDecl BecknerOnofri.HighDim.ScalarCertificate.GammaPanel0780.midBessels._proof_4
lean4lean	Replay the entire exact certificate with Lean4Lean	2026-10-05T11:54:31.6057217Z adding thmDecl BecknerOnofri.HighDim.ScalarCertificate.GammaPanel0780.midBeMon Oct  5 11:54:31 UTC 2026
lean4lean	Replay the entire exact certificate with Lean4Lean	2026-10-05T11:54:31.6068442Z adding thmDecl BecknerOnofri.HighDim.ScalarCertificate.GammaPanel1935.wholeBase._proof_1
lean4lean	Replay the entire exact certificate with Lean4Lean	2026-10-05T11:55:31.6096219Z adding thmDeclMon Oct  5 11:55:31 UTC 2026
lean4lean	Replay the entire exact certificate with Lean4Lean	2026-10-05T11:55:31.6107390Z adding thmDecl BecknerOnofri.HighDim.ScalarCertificate.GammaPanel2555.rightBessels._proof_1
lean4lean	Replay the entire exact certificate with Lean4Lean	2026-10-05T11:56:31.6135340Z adding defnDecl BecknerOnoMon Oct  5 11:56:31 UTC 2026
lean4lean	Replay the entire exact certificate with Lean4Lean	2026-10-05T11:56:31.6147335Z adding thmDecl BecknerOnofri.HighDim.ScalarCertificate.GammaPanel2555.rightBessels._proof_1
lean4lean	Replay the entire exact certificate with Lean4Lean	2026-10-05T11:57:31.6174681Z adding defnDecl BecknerOnoMon Oct  5 11:57:31 UTC 2026
lean4lean	Replay the entire exact certificate with Lean4Lean	2026-10-05T11:57:31.6185832Z adding thmDecl BecknerOnofri.HighDim.ScalarCertificate.GammaPanel1995.leftBessels._proof_4
lean4lean	Replay the entire exact certificate with Lean4Lean	2026-10-05T11:58:31.6212073Z adding thmDMon Oct  5 11:58:31 UTC 2026
lean4lean	Replay the entire exact certificate with Lean4Lean	2026-10-05T11:58:31.6222804Z adding thmDecl BecknerOnofri.HighDim.ScalarCertificate.BesselBatch0300.accepted._proof_1_1
lean4lean	Replay the entire exact certificate with Lean4Lean	2026-10-05T11:59:31.6250240Z [anonymous]:thmDecl BecknerOnofri.HighDim.ScalarCertificate.BesselBatch0300.accepted._proof_1_1: lean4lean took 57Mon Oct  5 11:59:31 UTC 2026
lean4lean	Replay the entire exact certificate with Lean4Lean	2026-10-05T11:59:31.6260742Z [anonymous]:thmDecl BecknerOnofri.HighDim.ScalarCertificate.GammaPanel2597.panelAccepted._proof_1_1: lean4lean took 1939
lean4lean	Replay the entire exact certificate with Lean4Lean	2026-10-05T12:00:31.6287041Z adding thmDecl BecknerOnofri.HighDim.ScalarCertificate.GammaPanel2597.panMon Oct  5 12:00:31 UTC 2026
lean4lean	Replay the entire exact certificate with Lean4Lean	2026-10-05T12:00:31.6297678Z [anonymous]:thmDecl BecknerOnofri.HighDim.ScalarCertificate.GammaPanel2597.panelAccepted._proof_1_1: lean4lean took 1939
lean4lean	Replay the entire exact certificate with Lean4Lean	2026-10-05T12:01:31.6323705Z adding thmDecl BecknerOnofri.HighDim.ScalarCertificate.GammaPanel2597.panMon Oct  5 12:01:31 UTC 2026
lean4lean	Replay the entire exact certificate with Lean4Lean	2026-10-05T12:01:31.6334047Z adding thmDecl BecknerOnofri.HighDim.EntropyTail.ExpCertificate.Exp0116.accepted._proof_1_1
lean4lean	Replay the entire exact certificate with Lean4Lean	2026-10-05T12:02:31.6361016Z [anonymous]:thmDecl BecknerOnofri.HighDim.EntropyTail.ExpCertificate.Exp0116.accepted._proof_1_1: lean4lean took 2290Mon Oct  5 12:02:31 UTC 2026
lean4lean	Replay the entire exact certificate with Lean4Lean	2026-10-05T12:02:31.6371349Z adding thmDecl BecknerOnofri.HighDim.ScalarCertificate.GammaPanel2743.point_pl._proof_1
lean4lean	Replay the entire exact certificate with Lean4Lean	2026-10-05T12:03:31.6397379Z adding defnDecl BecknerOnofri.HighDim.ScalarCertificate.GammaPanMon Oct  5 12:03:31 UTC 2026
lean4lean	Replay the entire exact certificate with Lean4Lean	2026-10-05T12:03:31.6407627Z adding defnDecl BecknerOnofri.HighDim.ScalarCertificate.GammaPanel0084.wholeW2lower
lean4lean	Replay the entire exact certificate with Lean4Lean	2026-10-05T12:04:31.6435349Z adding thmDecl BecknerOnoMon Oct  5 12:04:31 UTC 2026
lean4lean	Replay the entire exact certificate with Lean4Lean	2026-10-05T12:04:31.6446120Z adding defnDecl BecknerOnofri.HighDim.ScalarCertificate.GammaPanel1945.rightBessels
lean4lean	Replay the entire exact certificate with Lean4Lean	2026-10-05T12:05:31.6474564Z aMon Oct  5 12:05:31 UTC 2026
lean4lean	Replay the entire exact certificate with Lean4Lean	2026-10-05T12:05:31.6487386Z adding defnDecl BecknerOnofri.HighDim.ScalarCertificate.GammaPanel2943.pointW2lower
lean4lean	Replay the entire exact certificate with Lean4Lean	2026-10-05T12:06:31.6514270Z addingMon Oct  5 12:06:31 UTC 2026
lean4lean	Replay the entire exact certificate with Lean4Lean	2026-10-05T12:06:31.6525653Z adding defnDecl BecknerOnofri.HighDim.ScalarCertificate.GammaPanel2943.whole_zu
lean4lean	Replay the entire exact certificate with Lean4Lean	2026-10-05T12:07:31.6548936Z adding thmDecl BecknerOnofri.HighDim.ScalarCertiMon Oct  5 12:07:31 UTC 2026
lean4lean	Replay the entire exact certificate with Lean4Lean	2026-10-05T12:07:31.6560877Z adding thmDecl BecknerOnofri.HighDim.ScalarCertificate.BesselBatch0580.accepted._proof_1_1
lean4lean	Replay the entire exact certificate with Lean4Lean	2026-10-05T12:08:31.6588651Z [anonymous]:thmDecl BecknerOnofri.HighDim.ScalarCertificate.BesselBatch0Mon Oct  5 12:08:31 UTC 2026
lean4lean	Replay the entire exact certificate with Lean4Lean	2026-10-05T12:08:31.6599164Z adding thmDecl BecknerOnofri.HighDim.EntropyTail.HeatCertificate.Panels0005.e001404._proof_1
lean4lean	Replay the entire exact certificate with Lean4Lean	2026-10-05T12:09:31.6627324Z adding thmDecl BecknerOnofri.HighDim.EntropyTail.HeatCertificateMon Oct  5 12:09:31 UTC 2026
lean4lean	Replay the entire exact certificate with Lean4Lean	2026-10-05T12:09:31.6639140Z [anonymous]:thmDecl BecknerOnofri.HighDim.EntropyTail.ExpCertificate.Exp0256.accepted._proof_1_1: lean4lean took 14207
lean4lean	Replay the entire exact certificate with Lean4Lean	2026-10-05T12:10:31.6667281Z adding thmDecl BecknerOnofriMon Oct  5 12:10:31 UTC 2026
lean4lean	Replay the entire exact certificate with Lean4Lean	2026-10-05T12:10:31.6679842Z adding thmDecl BecknerOnofri.HighDim.ScalarCertificate.GammaPanel2115.leftBessels._proof_4
lean4lean	Replay the entire exact certificate with Lean4Lean	2026-10-05T12:11:31.6707263Z adding defnDecl BecknerOnofri.HighDim.Mon Oct  5 12:11:31 UTC 2026
lean4lean	Replay the entire exact certificate with Lean4Lean	2026-10-05T12:11:31.6719326Z adding defnDecl BecknerOnofri.HighDim.EntropyTail.HeatCertificate.Panels0039.e010038
lean4lean	Replay the entire exact certificate with Lean4Lean	2026-10-05T12:12:31.6746717Z adding thmDecl BecknerOnofri.HighDim.EntropyTail.HeatMon Oct  5 12:12:31 UTC 2026
lean4lean	Replay the entire exact certificate with Lean4Lean	2026-10-05T12:12:31.6758426Z adding thmDecl BecknerOnofri.HighDim.EntropyTail.HeatCertificate.Panels0039.e010152._proof_2
lean4lean	Replay the entire exact certificate with Lean4Lean	2026-10-05T12:13:31.6785412Z adding thmDecl BecknerOnofri.HighDim.EntropyTail.HeatCertifMon Oct  5 12:13:31 UTC 2026
lean4lean	Replay the entire exact certificate with Lean4Lean	2026-10-05T12:13:31.6796715Z adding thmDecl BecknerOnofri.HighDim.ScalarCertificate.GammaPanel2488.rightBessels._proof_2
lean4lean	Replay the entire exact certificate with Lean4Lean	2026-10-05T12:14:31.6823284Z adding dMon Oct  5 12:14:31 UTC 2026
lean4lean	Replay the entire exact certificate with Lean4Lean	2026-10-05T12:14:31.6835497Z adding defnDecl BecknerOnofri.HighDim.ScalarCertificate.GammaPanel1945.leftBessels
lean4lean	Replay the entire exact certificate with Lean4Lean	2026-10-05T12:15:31.6863982Z adding thmDecl BecknerOnofMon Oct  5 12:15:31 UTC 2026
lean4lean	Replay the entire exact certificate with Lean4Lean	2026-10-05T12:15:31.6875788Z adding thmDecl BecknerOnofri.HighDim.ScalarCertificate.GammaPanel2330.whole_zu._proof_1
lean4lean	Replay the entire exact certificate with Lean4Lean	2026-10-05T12:16:31.6904527Z adding defnDecl BecknerOnofri.HighDim.ScalarCertificate.GammaPanel2330.Mon Oct  5 12:16:31 UTC 2026
lean4lean	Replay the entire exact certificate with Lean4Lean	2026-10-05T12:16:31.6915009Z adding thmDecl BecknerOnofri.HighDim.ScalarCertificate.GammaPanel1409.rightBessels._proof_4
lean4lean	Replay the entire exact certificate with Lean4Lean	2026-10-05T12:17:31.6942925Z adding thmDecl BecknerOnofri.HighDim.ScalarCeMon Oct  5 12:17:31 UTC 2026
lean4lean	Replay the entire exact certificate with Lean4Lean	2026-10-05T12:17:31.6954329Z [anonymous]:thmDecl BecknerOnofri.HighDim.EntropyLogCertificate.ScalarLogs0017.accepted._proof_1_1: lean4lean took 4262
lean4lean	Replay the entire exact certificate with Lean4Lean	2026-10-05T12:18:31.6982239Z adding thmDecl BecknerOnofri.HighDim.EntropyLogCertificate.ScalarLogs0Mon Oct  5 12:18:31 UTC 2026
lean4lean	Replay the entire exact certificate with Lean4Lean	2026-10-05T12:18:31.6992730Z adding thmDecl BecknerOnofri.HighDim.EntropyTail.HeatCertificate.Panels0122.e031290._proof_2
lean4lean	Replay the entire exact certificate with Lean4Lean	2026-10-05T12:19:31.7020292Z adding thmDeMon Oct  5 12:19:31 UTC 2026
lean4lean	Replay the entire exact certificate with Lean4Lean	2026-10-05T12:19:31.7030987Z adding thmDecl BecknerOnofri.HighDim.ScalarCertificate.BesselBatch0296.accepted._proof_1_1
lean4lean	Replay the entire exact certificate with Lean4Lean	2026-10-05T12:20:31.7059102Z [anonymous]:thmDecl BecknerOnofri.HighDim.ScalarCertificate.BesselBatch0296.acceptMon Oct  5 12:20:31 UTC 2026
lean4lean	Replay the entire exact certificate with Lean4Lean	2026-10-05T12:20:31.7069891Z adding defnDecl BecknerOnofri.HighDim.ScalarCertificate.GammaPanel1914.midBessels
lean4lean	Replay the entire exact certificate with Lean4Lean	2026-10-05T12:21:31.7097966Z adding thmDecl BecknerOnofri.HighDim.ScalarCertificate.GammaPaMon Oct  5 12:21:31 UTC 2026
lean4lean	Replay the entire exact certificate with Lean4Lean	2026-10-05T12:21:31.7108612Z adding defnDecl BecknerOnofri.HighDim.ScalarCertificate.BesselBatch0320.rows
lean4lean	Replay the entire exact certificate with Lean4Lean	2026-10-05T12:22:31.7136226Z adding thmDecl BecknerOnofri.HighDim.ScalarCertMon Oct  5 12:22:31 UTC 2026
lean4lean	Replay the entire exact certificate with Lean4Lean	2026-10-05T12:22:31.7146634Z adding thmDecl BecknerOnofri.HighDim.ScalarCertificate.GammaPanel2706.rightBessels._proof_1
lean4lean	Replay the entire exact certificate with Lean4Lean	2026-10-05T12:23:31.7175263Z adding thmDecl BecknerOnofri.HighDim.ScalarCertificate.GammaPanel2706.rightBesseMon Oct  5 12:23:31 UTC 2026
lean4lean	Replay the entire exact certificate with Lean4Lean	2026-10-05T12:23:31.7187142Z adding defnDecl BecknerOnofri.HighDim.ScalarCertificate.BesselBatch0124.rows
lean4lean	Replay the entire exact certificate with Lean4Lean	2026-10-05T12:24:31.7216924Z adding thmDecl Mon Oct  5 12:24:31 UTC 2026
lean4lean	Replay the entire exact certificate with Lean4Lean	2026-10-05T12:24:31.7227439Z adding defnDecl BecknerOnofri.HighDim.ScalarCertificate.BesselBatch0124.rows
lean4lean	Replay the entire exact certificate with Lean4Lean	2026-10-05T12:25:31.7254948Z adding thmDecl Mon Oct  5 12:25:31 UTC 2026
lean4lean	Replay the entire exact certificate with Lean4Lean	2026-10-05T12:25:31.7265608Z adding thmDecl BecknerOnofri.HighDim.EntropyTail.ExpCertificate.Exp0356.accepted
lean4lean	Replay the entire exact certificate with Lean4Lean	2026-10-05T12:26:31.7293763Z adding defnDecl BecknerOnofri.HighDim.EntropyTail.HeatCertificate.Panels0217.Mon Oct  5 12:26:31 UTC 2026
lean4lean	Replay the entire exact certificate with Lean4Lean	2026-10-05T12:26:31.7305804Z adding thmDecl BecknerOnofri.HighDim.ScalarCertificate.GammaPanel2368.rightBessels._proof_2
lean4lean	Replay the entire exact certificate with Lean4Lean	2026-10-05T12:27:31.7333964Z adding thmDecl BecknerOnofri.HighDim.ScalarCertificate.GammaPanel2368.rightBessels._proMon Oct  5 12:27:31 UTC 2026
lean4lean	Replay the entire exact certificate with Lean4Lean	2026-10-05T12:27:31.7344239Z adding thmDecl BecknerOnofri.HighDim.ScalarCertificate.GammaPanel1584.midAccepted._proof_1_1
lean4lean	Replay the entire exact certificate with Lean4Lean	2026-10-05T12:28:31.7371447Z adding thmDecl BecknMon Oct  5 12:28:31 UTC 2026
lean4lean	Replay the entire exact certificate with Lean4Lean	2026-10-05T12:28:31.7381737Z adding thmDecl eventuallyEq_toIocDiv_nhds
lean4lean	Replay the entire exact certificate with Lean4Lean	2026-10-05T12:29:31.7408930Z adding thmDecl continuousAMon Oct  5 12:29:31 UTC 2026
lean4lean	Replay the entire exact certificate with Lean4Lean	2026-10-05T12:29:31.7419408Z adding thmDecl BecknerOnofri.HighDim.EntropyLogCertificate.ScalarLogs0284.accepted
lean4lean	Replay the entire exact certificate with Lean4Lean	2026-10-05T12:30:31.7447587Z adding thmDecl BecknerOnofri.HighDim.ScalarCertificate.GammaPanel22Mon Oct  5 12:30:31 UTC 2026
lean4lean	Replay the entire exact certificate with Lean4Lean	2026-10-05T12:30:31.7459140Z adding thmDecl BecknerOnofri.HighDim.ScalarCertificate.GammaPanel1362.whole_wl._proof_1
lean4lean	Replay the entire exact certificate with Lean4Lean	2026-10-05T12:31:31.7486775Z addinMon Oct  5 12:31:31 UTC 2026
lean4lean	Replay the entire exact certificate with Lean4Lean	2026-10-05T12:31:31.7497385Z adding defnDecl BecknerOnofri.HighDim.EntropyTail.HeatCertificate.Panels0068.chunk0068
lean4lean	Replay the entire exact certificate with Lean4Lean	2026-10-05T12:32:31.7524264Z adding thmDecl BecknerOnofri.HighDim.EntropyTail.HeatCertificate.Panels0068.e017475Mon Oct  5 12:32:31 UTC 2026
lean4lean	Replay the entire exact certificate with Lean4Lean	2026-10-05T12:32:31.7534681Z adding defnDecl BecknerOnofri.HighDim.ScalarCertificate.GammaPanel1848.pointW1upper
lean4lean	Replay the entire exact certificate with Lean4Lean	2026-10-05T12:33:31.7561699Z adding thmDecl BecknerOnMon Oct  5 12:33:31 UTC 2026
lean4lean	Replay the entire exact certificate with Lean4Lean	2026-10-05T12:33:31.7572394Z adding thmDecl BecknerOnofri.HighDim.ScalarCertificate.BesselBatch0434.accepted
lean4lean	Replay the entire exact certificate with Lean4Lean	2026-10-05T12:34:31.7599871Z adding thmDecl BecknerOnofri.HighDim.ScalMon Oct  5 12:34:31 UTC 2026
lean4lean	Replay the entire exact certificate with Lean4Lean	2026-10-05T12:34:31.7610605Z [anonymous]:thmDecl BecknerOnofri.HighDim.EntropyTail.ExpCertificate.Exp0360.accepted._proof_1_1: lean4lean took 13958
lean4lean	Replay the entire exact certificate with Lean4Lean	2026-10-05T12:35:31.7638115Z adding thmDecl BecknerOnofri.HighDim.EntropyTail.ExpMon Oct  5 12:35:31 UTC 2026
lean4lean	Replay the entire exact certificate with Lean4Lean	2026-10-05T12:35:31.7649038Z adding thmDecl BecknerOnofri.HighDim.EntropyTail.ExpCertificate.Exp0171.accepted._proof_1_1
lean4lean	Replay the entire exact certificate with Lean4Lean	2026-10-05T12:36:31.7676212Z [anonymous]:thmDecl BecknerOnofri.HighDim.EntrMon Oct  5 12:36:31 UTC 2026
lean4lean	Replay the entire exact certificate with Lean4Lean	2026-10-05T12:36:31.7686983Z [anonymous]:thmDecl BecknerOnofri.HighDim.EntropyTail.ExpCertificate.Exp0092.accepted._proof_1_1: lean4lean took 22843
lean4lean	Replay the entire exact certificate with Lean4Lean	2026-10-05T12:37:31.7713286Z addinMon Oct  5 12:37:31 UTC 2026
lean4lean	Replay the entire exact certificate with Lean4Lean	2026-10-05T12:37:31.7724162Z [anonymous]:thmDecl BecknerOnofri.HighDim.EntropyTail.ExpCertificate.Exp0092.accepted._proof_1_1: lean4lean took 22843
lean4lean	Replay the entire exact certificate with Lean4Lean	2026-10-05T12:38:31.7750078Z addinMon Oct  5 12:38:31 UTC 2026
lean4lean	Replay the entire exact certificate with Lean4Lean	2026-10-05T12:38:31.7761294Z [anonymous]:thmDecl BecknerOnofri.HighDim.ScalarCertificate.BesselBatch0301.accepted._proof_1_1: lean4lean took 5750
lean4lean	Replay the entire exact certificate with Lean4Lean	2026-10-05T12:39:31.7788324Z adding thmDecMon Oct  5 12:39:31 UTC 2026
lean4lean	Replay the entire exact certificate with Lean4Lean	2026-10-05T12:39:31.7801328Z adding thmDecl BecknerOnofri.HighDim.ScalarCertificate.GammaPanel1064.rightBessels._proof_5
lean4lean	Replay the entire exact certificate with Lean4Lean	2026-10-05T12:40:31.7828211Z adding thmDecl BecknerOnofriMon Oct  5 12:40:31 UTC 2026
lean4lean	Replay the entire exact certificate with Lean4Lean	2026-10-05T12:40:31.7838851Z adding thmDecl BecknerOnofri.HighDim.EntropyLogCertificate.ScalarLogs0266.accepted._proof_1_1
lean4lean	Replay the entire exact certificate with Lean4Lean	2026-10-05T12:41:31.7864991Z [anonymous]:thmDecl BecknerOnofri.HighDim.EntropyLogCertificate.ScalarLogs0266.aMon Oct  5 12:41:31 UTC 2026
lean4lean	Replay the entire exact certificate with Lean4Lean	2026-10-05T12:41:31.7875359Z adding thmDecl BecknerOnofri.HighDim.EntropyTail.HeatCertificate.Panels0114.e029380._proof_1
lean4lean	Replay the entire exact certificate with Lean4Lean	2026-10-05T12:42:31.7903055Z adding thmDecl BecknerOnofri.HighDim.EntropyTail.HeatCertificate.Panels0114.Mon Oct  5 12:42:31 UTC 2026
lean4lean	Replay the entire exact certificate with Lean4Lean	2026-10-05T12:42:31.7914149Z adding thmDecl BecknerOnofri.HighDim.EntropyTail.HeatCertificate.Panels0239.e108062._proof_1
lean4lean	Replay the entire exact certificate with Lean4Lean	2026-10-05T12:43:31.7942995Z adding thmDecl BecknerOnofri.HighDim.EntropyTail.HeatCertificate.Panels0239.e108062Mon Oct  5 12:43:31 UTC 2026
lean4lean	Replay the entire exact certificate with Lean4Lean	2026-10-05T12:43:31.7953341Z adding defnDecl BecknerOnofri.HighDim.EntropyTail.HeatCertificate.Panels0239.e108470
lean4lean	Replay the entire exact certificate with Lean4Lean	2026-10-05T12:44:31.7980763Z adding thmDecl BecknerOnofriMon Oct  5 12:44:31 UTC 2026
lean4lean	Replay the entire exact certificate with Lean4Lean	2026-10-05T12:44:31.7991079Z adding defnDecl BecknerOnofri.HighDim.EntropyTail.HeatCertificate.Panels0061.e015846
lean4lean	Replay the entire exact certificate with Lean4Lean	2026-10-05T12:45:31.8019510Z adding defnDecl BecknerOnofri.HighDim.ScalaMon Oct  5 12:45:31 UTC 2026
lean4lean	Replay the entire exact certificate with Lean4Lean	2026-10-05T12:45:31.8029607Z adding thmDecl Finsupp.mk.congr_simp
lean4lean	Replay the entire exact certificate with Lean4Lean	2026-10-05T12:46:31.8057560Z addingMon Oct  5 12:46:31 UTC 2026
lean4lean	Replay the entire exact certificate with Lean4Lean	2026-10-05T12:46:31.8068329Z adding thmDecl BecknerOnofri.HighDim.EntropyTail.HeatCertificate.Panels0104.e026845._proof_2
lean4lean	Replay the entire exact certificate with Lean4Lean	2026-10-05T12:47:31.8095577Z adding thmDecl BecknerOnofri.HighDim.EntropyTail.HeatCertificate.PMon Oct  5 12:47:31 UTC 2026
lean4lean	Replay the entire exact certificate with Lean4Lean	2026-10-05T12:47:31.8106179Z adding thmDecl BecknerOnofri.HighDim.EntropyTail.HeatCertificate.Panels0104.e026845._proof_2
lean4lean	Replay the entire exact certificate with Lean4Lean	2026-10-05T12:48:31.8133948Z adding thmDecl BecknerOnofri.HighDim.EntropyTail.HeatCertificate.PMon Oct  5 12:48:31 UTC 2026
lean4lean	Replay the entire exact certificate with Lean4Lean	2026-10-05T12:48:31.8144187Z adding defnDecl BecknerOnofri.HighDim.EntropyTail.ExpCertificate.Exp0425.entries
lean4lean	Replay the entire exact certificate with Lean4Lean	2026-10-05T12:49:31.8172658Z adding thmDecl BecknerOnofri.HighDim.EntropyTail.ExpCMon Oct  5 12:49:31 UTC 2026
lean4lean	Replay the entire exact certificate with Lean4Lean	2026-10-05T12:49:31.8183685Z adding thmDecl BecknerOnofri.HighDim.Spin.CandidateBatch0101.candidate1628._proof_12
lean4lean	Replay the entire exact certificate with Lean4Lean	2026-10-05T12:50:31.8210627Z adding thmDecl BecknerOnofri.HighDim.Spin.CandidateBatch0101.candidaMon Oct  5 12:50:31 UTC 2026
lean4lean	Replay the entire exact certificate with Lean4Lean	2026-10-05T12:50:31.8221122Z adding thmDecl BecknerOnofri.HighDim.ScalarCertificate.BesselBatch0076.accepted._proof_1_1
lean4lean	Replay the entire exact certificate with Lean4Lean	2026-10-05T12:51:31.8249984Z [anonymous]:thmDecl BecknerOnofri.HighDim.ScalarCertificate.BesselBatch0076.accepted._proof_1_1: lean4lean tooMon Oct  5 12:51:31 UTC 2026
lean4lean	Replay the entire exact certificate with Lean4Lean	2026-10-05T12:51:31.8259801Z adding thmDecl BecknerOnofri.HighDim.EntropyTail.HeatCertificate.Panels0188.e069087._proof_2
lean4lean	Replay the entire exact certificate with Lean4Lean	2026-10-05T12:52:31.8288652Z adding thmDecl BecknerOnofri.HighDim.EntropyTail.HeatCertificate.Panels018Mon Oct  5 12:52:31 UTC 2026
lean4lean	Replay the entire exact certificate with Lean4Lean	2026-10-05T12:52:31.8299074Z adding thmDecl BecknerOnofri.HighDim.ScalarCertificate.GammaPanel1821.rightAccepted._proof_1_1
lean4lean	Replay the entire exact certificate with Lean4Lean	2026-10-05T12:53:31.8326465Z adding thmDecl BMon Oct  5 12:53:31 UTC 2026
lean4lean	Replay the entire exact certificate with Lean4Lean	2026-10-05T12:53:31.8337141Z adding thmDecl BecknerOnofri.HighDim.ScalarCertificate.GammaPanel1218.wholeW1._proof_1
lean4lean	Replay the entire exact certificate with Lean4Lean	2026-10-05T12:54:31.8364084Z adding thmDecl BecknerOnofri.HighDim.ScalarCerMon Oct  5 12:54:31 UTC 2026
lean4lean	Replay the entire exact certificate with Lean4Lean	2026-10-05T12:54:31.8374650Z adding thmDecl BecknerOnofri.HighDim.ScalarCertificate.GammaPanel0986.wholeW1upper._proof_1
lean4lean	Replay the entire exact certificate with Lean4Lean	2026-10-05T12:55:31.8401842Z adding defnDecl BecknerOnofri.HighDim.ScalarCertificate.BesselBatch0720.Mon Oct  5 12:55:31 UTC 2026
lean4lean	Replay the entire exact certificate with Lean4Lean	2026-10-05T12:55:31.8412247Z adding thmDecl BecknerOnofri.HighDim.EntropyTail.HeatCertificate.Panels0148.e038372._proof_1
lean4lean	Replay the entire exact certificate with Lean4Lean	2026-10-05T12:56:31.8439339Z adding thmDecl BecknMon Oct  5 12:56:31 UTC 2026
lean4lean	Replay the entire exact certificate with Lean4Lean	2026-10-05T12:56:31.8450206Z [anonymous]:thmDecl BecknerOnofri.HighDim.ScalarCertificate.BesselBatch0408.accepted._proof_1_1: lean4lean took 11150
lean4lean	Replay the entire exact certificate with Lean4Lean	2026-10-05T12:57:31.8477314Z adding thmDecl BecknerOnofri.HighDim.ScalaMon Oct  5 12:57:31 UTC 2026
lean4lean	Replay the entire exact certificate with Lean4Lean	2026-10-05T12:57:31.8489262Z adding defnDecl BecknerOnofri.HighDim.ScalarCertificate.GammaPanel2050.midBessels
lean4lean	Replay the entire exact certificate with Lean4Lean	2026-10-05T12:58:31.8517120Z adding thmDecl BecknerOnofri.HighDim.ScalarCertificate.GammMon Oct  5 12:58:31 UTC 2026
lean4lean	Replay the entire exact certificate with Lean4Lean	2026-10-05T12:58:31.8528041Z adding thmDecl BecknerOnofri.HighDim.EntropyTail.HeatCertificate.Panels0197.e075819._proof_1
lean4lean	Replay the entire exact certificate with Lean4Lean	2026-10-05T12:59:31.8555969Z adding thmDecl BecknerOnofri.HighDim.EntropyTail.HeatCertificate.Panels0197.e075819._Mon Oct  5 12:59:31 UTC 2026
lean4lean	Replay the entire exact certificate with Lean4Lean	2026-10-05T12:59:31.8567596Z adding defnDecl BecknerOnofri.HighDim.ScalarCertificate.GammaPanel2328.point_wl
lean4lean	Replay the entire exact certificate with Lean4Lean	2026-10-05T13:00:31.8594303Z adding thmDecl BecknerOnofri.HighDim.ScalarCertificate.GammaPanel2328.pMon Oct  5 13:00:31 UTC 2026
lean4lean	Replay the entire exact certificate with Lean4Lean	2026-10-05T13:00:31.8605431Z adding thmDecl Nat.even_iff
lean4lean	Replay the entire exact certificate with Lean4Lean	2026-10-05T13:01:31.8634389Z adding thmDecl _private.Mathlib.Algebra.Group.Nat.Even.0.Nat.even_mul._Mon Oct  5 13:01:31 UTC 2026
lean4lean	Replay the entire exact certificate with Lean4Lean	2026-10-05T13:01:31.8645591Z adding thmDecl Legacy.BecknerOnofri.JacobiHeatPositivity.heatKernel_lt_neumann
lean4lean	Replay the entire exact certificate with Lean4Lean	2026-10-05T13:02:31.8673111Z adding thmDecl Legacy.BecknerOnofri.JacobiTensorHeatKernel.kernelMon Oct  5 13:02:31 UTC 2026
lean4lean	Replay the entire exact certificate with Lean4Lean	2026-10-05T13:02:31.8682914Z adding thmDecl Legacy.BecknerOnofri.JacobiHeatPositivity.heatKernel_lt_neumann
lean4lean	Replay the entire exact certificate with Lean4Lean	2026-10-05T13:03:31.8710284Z adding thmDecl Legacy.BecknerOnofri.JacobiTensorHeatKernel.kernelMon Oct  5 13:03:31 UTC 2026
lean4lean	Replay the entire exact certificate with Lean4Lean	2026-10-05T13:03:31.8722242Z adding thmDecl BecknerOnofri.HighDim.ScalarCertificate.GammaPanel2052.wholeBase._proof_2
lean4lean	Replay the entire exact certificate with Lean4Lean	2026-10-05T13:04:31.8749986Z adding thmDecl BecknerOnofri.HighDiMon Oct  5 13:04:31 UTC 2026
lean4lean	Replay the entire exact certificate with Lean4Lean	2026-10-05T13:04:31.8761748Z [anonymous]:thmDecl BecknerOnofri.HighDim.EntropyTail.ExpCertificate.Exp0209.accepted._proof_1_1: lean4lean took 14321
lean4lean	Replay the entire exact certificate with Lean4Lean	2026-10-05T13:05:31.8790202Z adding thmDecl BecknerOnofri.HighDim.EntropyTail.ExpCertMon Oct  5 13:05:31 UTC 2026
lean4lean	Replay the entire exact certificate with Lean4Lean	2026-10-05T13:05:31.8801420Z adding defnDecl Array.instGetElem?NatLtSize
lean4lean	Replay the entire exact certificate with Lean4Lean	2026-10-05T13:06:31.8829322Z adding defnDecl Legacy.D10.FMon Oct  5 13:06:31 UTC 2026
lean4lean	Replay the entire exact certificate with Lean4Lean	2026-10-05T13:06:31.8839747Z adding thmDecl BecknerOnofri.HighDim.ScalarCertificate.BesselBatch0137.accepted
lean4lean	Replay the entire exact certificate with Lean4Lean	2026-10-05T13:07:31.8866951Z adding thmDecl BecknerOnofri.HighDim.ScalarCertificate.GammaPanel0877.rightBessels._pMon Oct  5 13:07:31 UTC 2026
lean4lean	Replay the entire exact certificate with Lean4Lean	2026-10-05T13:07:31.8878387Z adding thmDecl BecknerOnofri.HighDim.ScalarCertificate.GammaPanel2780.midBessels._proof_2
lean4lean	Replay the entire exact certificate with Lean4Lean	2026-10-05T13:08:31.8905536Z adding thmDecl BecknMon Oct  5 13:08:31 UTC 2026
lean4lean	Replay the entire exact certificate with Lean4Lean	2026-10-05T13:08:31.8916583Z adding defnDecl BecknerOnofri.HighDim.EntropyTail.HeatCertificate.Panels0133.chunk0133
lean4lean	Replay the entire exact certificate with Lean4Lean	2026-10-05T13:09:31.8943678Z adding thmDecl BeMon Oct  5 13:09:31 UTC 2026
lean4lean	Replay the entire exact certificate with Lean4Lean	2026-10-05T13:09:31.8955748Z adding defnDecl BecknerOnofri.HighDim.ScalarCertificate.GammaPanel2241.point_zu
lean4lean	Replay the entire exact certificate with Lean4Lean	2026-10-05T13:10:31.8983845Z adding thmDecl BecknerOnofri.HighDim.ScalarCertificate.GammaPanel2241.Mon Oct  5 13:10:31 UTC 2026
lean4lean	Replay the entire exact certificate with Lean4Lean	2026-10-05T13:10:31.8995157Z adding defnDecl BecknerOnofri.HighDim.EntropyLogCertificate.SpinLogs0139.rows
lean4lean	Replay the entire exact certificate with Lean4Lean	2026-10-05T13:11:31.9021409Z adding thmDecl BecMon Oct  5 13:11:31 UTC 2026
lean4lean	Replay the entire exact certificate with Lean4Lean	2026-10-05T13:11:31.9032106Z adding thmDecl BecknerOnofri.HighDim.ScalarCertificate.GammaPanel1829.whole_wl._proof_1
lean4lean	Replay the entire exact certificate with Lean4Lean	2026-10-05T13:12:31.9058784Z adding defnDecl BecknerOnofri.HighDim.ScalarCertificate.GammaPaMon Oct  5 13:12:31 UTC 2026
lean4lean	Replay the entire exact certificate with Lean4Lean	2026-10-05T13:12:31.9069999Z adding thmDecl BecknerOnofri.HighDim.Spin.CandidateBatch0091.candidate1463._proof_3
lean4lean	Replay the entire exact certificate with Lean4Lean	2026-10-05T13:13:31.9096461Z adding thmDecl BecknerOnofri.HighDim.Spin.CandidateBatch0091.candidate1463._proof_Mon Oct  5 13:13:31 UTC 2026
lean4lean	Replay the entire exact certificate with Lean4Lean	2026-10-05T13:13:31.9107681Z adding thmDecl BecknerOnofri.HighDim.ScalarCertificate.GammaPanel2180.leftBessels._proof_5
lean4lean	Replay the entire exact certificate with Lean4Lean	2026-10-05T13:14:31.9135664Z adding thmDecl BecknerOnofri.HighDim.ScalarCertiMon Oct  5 13:14:31 UTC 2026
lean4lean	Replay the entire exact certificate with Lean4Lean	2026-10-05T13:14:31.9146738Z adding thmDecl BecknerOnofri.HighDim.EntropyTail.ExpCertificate.Exp0152.accepted._proof_1_1
lean4lean	Replay the entire exact certificate with Lean4Lean	2026-10-05T13:15:31.9173092Z [anonymous]:thmDecl BecknerOnoMon Oct  5 13:15:31 UTC 2026
lean4lean	Replay the entire exact certificate with Lean4Lean	2026-10-05T13:15:31.9184869Z adding thmDecl BecknerOnofri.HighDim.ScalarCertificate.BracketBatch0160.hi2575._proof_3
lean4lean	Replay the entire exact certificate with Lean4Lean	2026-10-05T13:16:31.9211307Z adding thmDecl BMon Oct  5 13:16:31 UTC 2026
lean4lean	Replay the entire exact certificate with Lean4Lean	2026-10-05T13:16:31.9223109Z adding defnDecl BecknerOnofri.HighDim.EntropyLogCertificate.SpinLogs0002.rows
lean4lean	Replay the entire exact certificate with Lean4Lean	2026-10-05T13:17:31.9249335Z adding thmDecl BeckneMon Oct  5 13:17:31 UTC 2026
lean4lean	Replay the entire exact certificate with Lean4Lean	2026-10-05T13:17:31.9260445Z adding thmDecl BecknerOnofri.HighDim.ScalarCertificate.GammaPanel0150.leftBessels._proof_3
lean4lean	Replay the entire exact certificate with Lean4Lean	2026-10-05T13:18:31.9287496Z adding thmDecl BMon Oct  5 13:18:31 UTC 2026
lean4lean	Replay the entire exact certificate with Lean4Lean	2026-10-05T13:18:31.9298406Z adding thmDecl BecknerOnofri.HighDim.EntropyTail.HeatCertificate.Panels0095.e024404._proof_2
lean4lean	Replay the entire exact certificate with Lean4Lean	2026-10-05T13:19:31.9326011Z adding thmDecl BecknerOnofri.HighDiMon Oct  5 13:19:31 UTC 2026
lean4lean	Replay the entire exact certificate with Lean4Lean	2026-10-05T13:19:31.9337343Z [anonymous]:thmDecl BecknerOnofri.HighDim.EntropyLogCertificate.ScalarLogs0334.accepted._proof_1_1: lean4lean took 4446
lean4lean	Replay the entire exact certificate with Lean4Lean	2026-10-05T13:20:31.9364858Z adding thmDecl BecknerOnofri.HighDim.EntropyLogCertificate.ScalarLogs03Mon Oct  5 13:20:31 UTC 2026
lean4lean	Replay the entire exact certificate with Lean4Lean	2026-10-05T13:20:31.9376099Z adding thmDecl BecknerOnofri.HighDim.EntropyTail.HeatCertificate.Panels0127.e032536._proof_3
lean4lean	Replay the entire exact certificate with Lean4Lean	2026-10-05T13:21:31.9404081Z adding defnMon Oct  5 13:21:31 UTC 2026
lean4lean	Replay the entire exact certificate with Lean4Lean	2026-10-05T13:21:31.9415557Z adding thmDecl BecknerOnofri.HighDim.ScalarCertificate.GammaPanel1716.midBessels._proof_2
lean4lean	Replay the entire exact certificate with Lean4Lean	2026-10-05T13:22:31.9443133Z adding thmDecl BecknerOnofri.HighDim.ScalarCertMon Oct  5 13:22:31 UTC 2026
lean4lean	Replay the entire exact certificate with Lean4Lean	2026-10-05T13:22:31.9453929Z adding thmDecl BecknerOnofri.HighDim.ScalarCertificate.GammaPanel0704.point_zu._proof_1
lean4lean	Replay the entire exact certificate with Lean4Lean	2026-10-05T13:23:31.9481302Z adding defnDecl BecknerOnofri.HighDim.ScalarCertificate.GammMon Oct  5 13:23:31 UTC 2026
lean4lean	Replay the entire exact certificate with Lean4Lean	2026-10-05T13:23:31.9492823Z adding defnDecl BecknerOnofri.HighDim.ScalarCertificate.BracketBatch0164.lo2638b0
lean4lean	Replay the entire exact certificate with Lean4Lean	2026-10-05T13:24:31.9519423Z adding thmDecl BecknerOnofri.HighDim.ScalarCertificate.BracketBatch0164.lo2638._proMon Oct  5 13:24:31 UTC 2026
lean4lean	Replay the entire exact certificate with Lean4Lean	2026-10-05T13:24:31.9530018Z adding thmDecl BecknerOnofri.HighDim.ScalarCertificate.GammaPanel1996.pointW1lower._proof_1
lean4lean	Replay the entire exact certificate with Lean4Lean	2026-10-05T13:25:31.9558001Z adding defnDecl BecknerOnofri.HighDim.ScalarCertificate.GammaPanMon Oct  5 13:25:31 UTC 2026
lean4lean	Replay the entire exact certificate with Lean4Lean	2026-10-05T13:25:31.9569502Z [anonymous]:thmDecl BecknerOnofri.HighDim.EntropyLogCertificate.ScalarLogs0135.accepted._proof_1_1: lean4lean took 4418
lean4lean	Replay the entire exact certificate with Lean4Lean	2026-10-05T13:26:31.9596488Z adding thmDeMon Oct  5 13:26:31 UTC 2026
lean4lean	Replay the entire exact certificate with Lean4Lean	2026-10-05T13:26:31.9607452Z adding thmDecl BecknerOnofri.HighDim.ScalarCertificate.GammaPanel2958.pointW1upper._proof_1
lean4lean	Replay the entire exact certificate with Lean4Lean	2026-10-05T13:27:31.9632819Z adding defnDecl Mon Oct  5 13:27:31 UTC 2026
lean4lean	Replay the entire exact certificate with Lean4Lean	2026-10-05T13:27:31.9644112Z adding thmDecl BecknerOnofri.HighDim.EntropyTail.ExpCertificate.Exp0023.accepted
lean4lean	Replay the entire exact certificate with Lean4Lean	2026-10-05T13:28:31.9671703Z adding defnDecl BecknerOnofri.HighDim.EntropyTail.HeatCertificate.Panels0Mon Oct  5 13:28:31 UTC 2026
lean4lean	Replay the entire exact certificate with Lean4Lean	2026-10-05T13:28:31.9681955Z adding defnDecl BecknerOnofri.HighDim.EntropyTail.HeatCertificate.Panels0079.e020401
lean4lean	Replay the entire exact certificate with Lean4Lean	2026-10-05T13:29:31.9707956Z adding thmDecl BecknerOnofri.HighDim.Mon Oct  5 13:29:31 UTC 2026
lean4lean	Replay the entire exact certificate with Lean4Lean	2026-10-05T13:29:31.9718558Z adding defnDecl BecknerOnofri.HighDim.ScalarCertificate.GammaPanel1954.leftBessels
lean4lean	Replay the entire exact certificate with Lean4Lean	2026-10-05T13:30:31.9745990Z adding thmDecl BecknerOnofri.HighDim.ScalarCertificatMon Oct  5 13:30:31 UTC 2026
lean4lean	Replay the entire exact certificate with Lean4Lean	2026-10-05T13:30:31.9757129Z adding thmDecl BecknerOnofri.HighDim.EntropyTail.ExpCertificate.Exp0373.accepted._proof_1_1
lean4lean	Replay the entire exact certificate with Lean4Lean	2026-10-05T13:31:31.9783644Z [anonymous]:thmDecl BecknerOnofri.HighDim.EntropyTail.ExpCertiMon Oct  5 13:31:31 UTC 2026
lean4lean	Replay the entire exact certificate with Lean4Lean	2026-10-05T13:31:31.9793911Z adding thmDecl BecknerOnofri.HighDim.ScalarCertificate.GammaPanel1744.wholeW1._proof_3
lean4lean	Replay the entire exact certificate with Lean4Lean	2026-10-05T13:32:31.9817527Z adding defnDecl BecknerOnofri.HighDim.ScalarCertificMon Oct  5 13:32:31 UTC 2026
lean4lean	Replay the entire exact certificate with Lean4Lean	2026-10-05T13:32:31.9828243Z adding thmDecl BecknerOnofri.HighDim.ScalarCertificate.GammaPanel0440.rightBessels._proof_4
lean4lean	Replay the entire exact certificate with Lean4Lean	2026-10-05T13:33:31.9853190Z adding defnDecl BecknerOnofri.HighDim.ScalarCeMon Oct  5 13:33:31 UTC 2026
lean4lean	Replay the entire exact certificate with Lean4Lean	2026-10-05T13:33:31.9864131Z adding thmDecl BecknerOnofri.HighDim.Spin.IntervalBatch0118.cell1902._proof_1
lean4lean	Replay the entire exact certificate with Lean4Lean	2026-10-05T13:34:31.9890016Z adding defnDecl BecknerOnofri.HighDim.EntropyLogMon Oct  5 13:34:31 UTC 2026
lean4lean	Replay the entire exact certificate with Lean4Lean	2026-10-05T13:34:31.9900702Z adding thmDecl BecknerOnofri.HighDim.EntropyTail.HeatCertificate.Panels0142.e036357._proof_2
lean4lean	Replay the entire exact certificate with Lean4Lean	2026-10-05T13:35:31.9927660Z adding thmDecl BecknerOnofri.HighDim.EntropyTail.HeatCertificaMon Oct  5 13:35:31 UTC 2026
lean4lean	Replay the entire exact certificate with Lean4Lean	2026-10-05T13:35:31.9938254Z adding thmDecl BecknerOnofri.HighDim.EntropyTail.HeatCertificate.Panels0139.e035798._proof_2
lean4lean	Replay the entire exact certificate with Lean4Lean	2026-10-05T13:36:31.9964004Z adding thmDecl BecknerOnofri.HighDim.EntropyMon Oct  5 13:36:31 UTC 2026
lean4lean	Replay the entire exact certificate with Lean4Lean	2026-10-05T13:36:31.9974574Z adding thmDecl BecknerOnofri.HighDim.EntropyTail.HeatCertificate.Panels0138.e035352._proof_3
lean4lean	Replay the entire exact certificate with Lean4Lean	2026-10-05T13:37:32.0001904Z adding defnDecl BeMon Oct  5 13:37:32 UTC 2026
lean4lean	Replay the entire exact certificate with Lean4Lean	2026-10-05T13:37:32.0013242Z adding thmDecl BecknerOnofri.HighDim.EntropyTail.HeatCertificate.Panels0011.e002854._proof_2
lean4lean	Replay the entire exact certificate with Lean4Lean	2026-10-05T13:38:32.0040335Z adding thmDecl BecknerOnofri.HighDimMon Oct  5 13:38:32 UTC 2026
lean4lean	Replay the entire exact certificate with Lean4Lean	2026-10-05T13:38:32.0051252Z adding thmDecl BecknerOnofri.HighDim.ScalarCertificate.BesselBatch0605.accepted._proof_1_1
lean4lean	Replay the entire exact certificate with Lean4Lean	2026-10-05T13:39:32.0077646Z [anonymous]:thmDecl BecknerOnofri.HighDim.ScalarCertificate.BesselBaMon Oct  5 13:39:32 UTC 2026
lean4lean	Replay the entire exact certificate with Lean4Lean	2026-10-05T13:39:32.0089314Z adding defnDecl BecknerOnofri.HighDim.ScalarCertificate.GammaPanel0002.midPoint
lean4lean	Replay the entire exact certificate with Lean4Lean	2026-10-05T13:40:32.0116315Z adding thmDeclMon Oct  5 13:40:32 UTC 2026
lean4lean	Replay the entire exact certificate with Lean4Lean	2026-10-05T13:40:32.0127086Z adding thmDecl BecknerOnofri.HighDim.ScalarCertificate.GammaPanel1948.point_pl._proof_1
lean4lean	Replay the entire exact certificate with Lean4Lean	2026-10-05T13:41:32.0153324Z adding defnDecMon Oct  5 13:41:32 UTC 2026
lean4lean	Replay the entire exact certificate with Lean4Lean	2026-10-05T13:41:32.0164434Z adding defnDecl BecknerOnofri.HighDim.EntropyLogCertificate.ScalarLogs0223.rows
lean4lean	Replay the entire exact certificate with Lean4Lean	2026-10-05T13:42:32.0192345Z adding thmDecl BecknerOnofri.HighDim.ScalarCertificate.GammaPanel1786.whole_pu._proofMon Oct  5 13:42:32 UTC 2026
lean4lean	Replay the entire exact certificate with Lean4Lean	2026-10-05T13:42:32.0202920Z adding thmDecl BecknerOnofri.HighDim.Spin.CandidateBatch0078.candidate1250._proof_9
lean4lean	Replay the entire exact certificate with Lean4Lean	2026-10-05T13:43:32.0229957Z adding thmDecl BMon Oct  5 13:43:32 UTC 2026
lean4lean	Replay the entire exact certificate with Lean4Lean	2026-10-05T13:43:32.0240815Z adding thmDecl BecknerOnofri.HighDim.EntropyTail.HeatCertificate.Panels0163.e049719._proof_3
lean4lean	Replay the entire exact certificate with Lean4Lean	2026-10-05T13:44:02.1265341Z ##[error]The operation was canceled.
lean4lean	Preserve actual additional-checker evidence	﻿2026-10-05T13:44:02.1346023Z ##[group]Run actions/upload-artifact@ea165f8d65b6e75b540449e92b4886f43607fa02
lean4lean	Preserve actual additional-checker evidence	2026-10-05T13:44:02.1346452Z with:
lean4lean	Preserve actual additional-checker evidence	2026-10-05T13:44:02.1346672Z   name: lean4lean-evidence
lean4lean	Preserve actual additional-checker evidence	2026-10-05T13:44:02.1347039Z   path: external-check/*.log
lean4lean	Preserve actual additional-checker evidence	external-check/*.json
lean4lean	Preserve actual additional-checker evidence	external-check/*.sha256
lean4lean	Preserve actual additional-checker evidence	
lean4lean	Preserve actual additional-checker evidence	2026-10-05T13:44:02.1347449Z   if-no-files-found: warn
lean4lean	Preserve actual additional-checker evidence	2026-10-05T13:44:02.1347692Z   compression-level: 6
lean4lean	Preserve actual additional-checker evidence	2026-10-05T13:44:02.1347922Z   overwrite: false
lean4lean	Preserve actual additional-checker evidence	2026-10-05T13:44:02.1348145Z   include-hidden-files: false
lean4lean	Preserve actual additional-checker evidence	2026-10-05T13:44:02.1348396Z ##[endgroup]
lean4lean	Preserve actual additional-checker evidence	2026-10-05T13:44:02.3081633Z (node:4275) [DEP0040] DeprecationWarning: The `punycode` module is deprecated. Please use a userland alternative instead.
lean4lean	Preserve actual additional-checker evidence	2026-10-05T13:44:02.3083139Z (Use `node --trace-deprecation ...` to show where the warning was created)
lean4lean	Preserve actual additional-checker evidence	2026-10-05T13:44:02.3313621Z With the provided path, there will be 11 files uploaded
lean4lean	Preserve actual additional-checker evidence	2026-10-05T13:44:02.3362740Z Artifact name is valid!
lean4lean	Preserve actual additional-checker evidence	2026-10-05T13:44:02.3392716Z Root directory input is valid!
lean4lean	Preserve actual additional-checker evidence	2026-10-05T13:44:02.7069183Z Beginning upload of artifact content to blob storage
lean4lean	Preserve actual additional-checker evidence	2026-10-05T13:44:02.8301135Z (node:4275) [DEP0169] DeprecationWarning: `url.parse()` behavior is not standardized and prone to errors that have security implications. Use the WHATWG URL API instead. CVEs are not issued for `url.parse()` vulnerabilities.
lean4lean	Preserve actual additional-checker evidence	2026-10-05T13:44:03.4001789Z Uploaded bytes 569388
lean4lean	Preserve actual additional-checker evidence	2026-10-05T13:44:03.4735228Z Finished uploading artifact content to blob storage!
lean4lean	Preserve actual additional-checker evidence	2026-10-05T13:44:03.4736538Z SHA256 digest of uploaded artifact zip is 464ce0f68838154a8cd980f5e7356cc8f2df5c0f998fb2ec51e936bb7045ca4f
lean4lean	Preserve actual additional-checker evidence	2026-10-05T13:44:03.4738460Z Finalizing artifact upload
lean4lean	Preserve actual additional-checker evidence	2026-10-05T13:44:03.7648848Z Artifact lean4lean-evidence.zip successfully finalized. Artifact ID 11348822471
lean4lean	Preserve actual additional-checker evidence	2026-10-05T13:44:03.7650349Z Artifact lean4lean-evidence has been successfully uploaded! Final size is 569388 bytes. Artifact ID is 11348822471
lean4lean	Preserve actual additional-checker evidence	2026-10-05T13:44:03.7664865Z Artifact download URL: https://github.com/yuhaolei-ctrl/Sharp-Beckner-Onofri-inequalities-Lean/actions/runs/37301154501/artifacts/11348822471
lean4lean	Post Run actions/checkout@11d5960a326750d5838078e36cf38b85af677262	﻿2026-10-05T13:44:03.7922670Z Post job cleanup.
lean4lean	Post Run actions/checkout@11d5960a326750d5838078e36cf38b85af677262	2026-10-05T13:44:03.8831367Z [command]/usr/bin/git version
lean4lean	Post Run actions/checkout@11d5960a326750d5838078e36cf38b85af677262	2026-10-05T13:44:03.8923647Z git version 2.55.0
lean4lean	Post Run actions/checkout@11d5960a326750d5838078e36cf38b85af677262	2026-10-05T13:44:03.8947983Z Temporarily overriding HOME='/home/runner/work/_temp/5c20bfd9-e8d4-42f6-92a0-b0046a5ecdcc' before making global git config changes
lean4lean	Post Run actions/checkout@11d5960a326750d5838078e36cf38b85af677262	2026-10-05T13:44:03.8963274Z Adding repository directory to the temporary git global config as a safe directory
lean4lean	Post Run actions/checkout@11d5960a326750d5838078e36cf38b85af677262	2026-10-05T13:44:03.9007834Z [command]/usr/bin/git config --global --add safe.directory /home/runner/work/Sharp-Beckner-Onofri-inequalities-Lean/Sharp-Beckner-Onofri-inequalities-Lean
lean4lean	Post Run actions/checkout@11d5960a326750d5838078e36cf38b85af677262	2026-10-05T13:44:03.9012614Z [command]/usr/bin/git config --local --name-only --get-regexp core\.sshCommand
lean4lean	Post Run actions/checkout@11d5960a326750d5838078e36cf38b85af677262	2026-10-05T13:44:03.9056384Z [command]/usr/bin/git submodule foreach --recursive sh -c "git config --local --name-only --get-regexp 'core\.sshCommand' && git config --local --unset-all 'core.sshCommand' || :"
lean4lean	Post Run actions/checkout@11d5960a326750d5838078e36cf38b85af677262	2026-10-05T13:44:03.9392414Z [command]/usr/bin/git config --local --name-only --get-regexp http\.https\:\/\/github\.com\/\.extraheader
lean4lean	Post Run actions/checkout@11d5960a326750d5838078e36cf38b85af677262	2026-10-05T13:44:03.9449521Z http.https://github.com/.extraheader
lean4lean	Post Run actions/checkout@11d5960a326750d5838078e36cf38b85af677262	2026-10-05T13:44:03.9473653Z [command]/usr/bin/git config --local --unset-all http.https://github.com/.extraheader
lean4lean	Post Run actions/checkout@11d5960a326750d5838078e36cf38b85af677262	2026-10-05T13:44:03.9485753Z [command]/usr/bin/git submodule foreach --recursive sh -c "git config --local --name-only --get-regexp 'http\.https\:\/\/github\.com\/\.extraheader' && git config --local --unset-all 'http.https://github.com/.extraheader' || :"
lean4lean	Post Run actions/checkout@11d5960a326750d5838078e36cf38b85af677262	2026-10-05T13:44:03.9864832Z [command]/usr/bin/git config --local --name-only --get-regexp ^includeIf\.gitdir:
lean4lean	Post Run actions/checkout@11d5960a326750d5838078e36cf38b85af677262	2026-10-05T13:44:03.9923172Z [command]/usr/bin/git submodule foreach --recursive git config --local --show-origin --name-only --get-regexp remote.origin.url
lean4lean	Complete job	﻿2026-10-05T13:44:04.0463087Z Cleaning up orphan processes
lean4lean	Complete job	2026-10-05T13:44:04.0668416Z Terminate orphan process: pid (2861) (time)
lean4lean	Complete job	2026-10-05T13:44:04.0690603Z Terminate orphan process: pid (2863) (lean4lean)
lean4lean	Complete job	2026-10-05T13:44:04.0811637Z Terminate orphan process: pid (4270) (sleep)
lean4lean	Complete job	2026-10-05T13:44:04.0829245Z ##[warning]Node.js 20 is deprecated. The following actions target Node.js 20 but are being forced to run on Node.js 24: actions/checkout@11d5960a326750d5838078e36cf38b85af677262, actions/upload-artifact@ea165f8d65b6e75b540449e92b4886f43607fa02. For more information see: https://github.blog/changelog/2025-09-19-deprecation-of-node-20-on-github-actions-runners/
